-- MariaDB dump 10.19  Distrib 10.6.16-MariaDB, for debian-linux-gnu (x86_64)
--
-- Host: localhost    Database: sales_nugegoda
-- ------------------------------------------------------
-- Server version	10.6.16-MariaDB-0ubuntu0.22.04.1

/*!40101 SET @OLD_CHARACTER_SET_CLIENT=@@CHARACTER_SET_CLIENT */;
/*!40101 SET @OLD_CHARACTER_SET_RESULTS=@@CHARACTER_SET_RESULTS */;
/*!40101 SET @OLD_COLLATION_CONNECTION=@@COLLATION_CONNECTION */;
/*!40101 SET NAMES utf8mb4 */;
/*!40103 SET @OLD_TIME_ZONE=@@TIME_ZONE */;
/*!40103 SET TIME_ZONE='+00:00' */;
/*!40014 SET @OLD_UNIQUE_CHECKS=@@UNIQUE_CHECKS, UNIQUE_CHECKS=0 */;
/*!40014 SET @OLD_FOREIGN_KEY_CHECKS=@@FOREIGN_KEY_CHECKS, FOREIGN_KEY_CHECKS=0 */;
/*!40101 SET @OLD_SQL_MODE=@@SQL_MODE, SQL_MODE='NO_AUTO_VALUE_ON_ZERO' */;
/*!40111 SET @OLD_SQL_NOTES=@@SQL_NOTES, SQL_NOTES=0 */;

--
-- Table structure for table `order_bill`
--

DROP TABLE IF EXISTS `order_bill`;
/*!40101 SET @saved_cs_client     = @@character_set_client */;
/*!40101 SET character_set_client = utf8 */;
CREATE TABLE `order_bill` (
  `id` int(11) NOT NULL AUTO_INCREMENT,
  `date` date NOT NULL DEFAULT current_timestamp(),
  `customer_name` varchar(200) DEFAULT NULL,
  `email` varchar(320) NOT NULL,
  `phone` varchar(15) NOT NULL,
  `address` varchar(500) NOT NULL,
  `status` int(11) DEFAULT 0,
  `added_by` int(11) DEFAULT NULL,
  `added_time` timestamp NOT NULL DEFAULT current_timestamp(),
  `updated_by` int(11) DEFAULT NULL,
  `updated_time` timestamp NOT NULL DEFAULT current_timestamp(),
  PRIMARY KEY (`id`),
  KEY `order_bill_added_by` (`added_by`),
  KEY `order_bill_updated_by` (`updated_by`),
  KEY `order_bill_status` (`status`),
  CONSTRAINT `order_bill_added_by` FOREIGN KEY (`added_by`) REFERENCES `user` (`id`),
  CONSTRAINT `order_bill_status` FOREIGN KEY (`status`) REFERENCES `order_status` (`id`),
  CONSTRAINT `order_bill_updated_by` FOREIGN KEY (`updated_by`) REFERENCES `user` (`id`)
) ENGINE=InnoDB AUTO_INCREMENT=78 DEFAULT CHARSET=utf8mb4 COLLATE=utf8mb4_general_ci;
/*!40101 SET character_set_client = @saved_cs_client */;

--
-- Dumping data for table `order_bill`
--

LOCK TABLES `order_bill` WRITE;
/*!40000 ALTER TABLE `order_bill` DISABLE KEYS */;
INSERT INTO `order_bill` VALUES (58,'2024-03-22','Krisho kumar','','0777258181','Nugegoda',1,5,'2024-03-22 07:36:49',NULL,'2024-03-22 07:36:49'),(59,'2024-03-22','Rukshan','','0772308866','Nugegoda',1,5,'2024-03-22 07:42:18',NULL,'2024-03-22 07:42:18'),(60,'2024-03-23','Mr devin','','0776625122','Nugegoda',1,5,'2024-03-23 08:32:23',NULL,'2024-03-23 08:32:23'),(61,'2024-03-23','Pavane madushan','','0719651474','Nugegoda',1,5,'2024-03-23 11:38:59',NULL,'2024-03-23 11:38:59'),(62,'2024-03-26','Mr . Ishara','','0711967701','Nugegoda ',1,5,'2024-03-26 07:29:39',NULL,'2024-03-26 07:29:39'),(63,'2024-03-28','Ravi Somathilaka','','0767504298','Nugegoda',1,5,'2024-03-28 12:18:00',NULL,'2024-03-28 12:18:00'),(64,'2024-03-31','Mr.Ravi somathilaka','','0767504298','Nugegoda ',1,5,'2024-03-31 05:00:28',NULL,'2024-03-31 05:00:28'),(65,'2024-03-31','Mr.Ravi somathilaka','','0767504298','Nugegoda ',1,5,'2024-03-31 05:14:03',NULL,'2024-03-31 05:14:03'),(66,'2024-04-01','Mr.kaushika jayalath','','0773895502','Nugegoda ',1,5,'2024-04-01 12:16:41',NULL,'2024-04-01 12:16:41'),(67,'2024-04-03','Mr.Ravi somathilaka','','0767504298','Nugegoda ',1,5,'2024-04-03 06:10:12',NULL,'2024-04-03 06:10:12'),(68,'2024-04-05','Kalum nadeera','','0771236376','Nugegoda',1,5,'2024-04-05 06:35:36',NULL,'2024-04-05 06:35:36'),(69,'2024-04-05','Kalum nadeera','','0771236376','Nugegoda',1,5,'2024-04-05 06:36:30',NULL,'2024-04-05 06:36:30'),(70,'2024-04-07','Mr omer','','0720988243','Nugegoda ',1,5,'2024-04-07 09:42:43',NULL,'2024-04-07 09:42:43'),(71,'2024-04-07','Mr omer','','0720988243','Nugegoda ',1,5,'2024-04-07 09:51:17',NULL,'2024-04-07 09:51:17'),(72,'2024-04-07','Mr Dewin','','0773522750','Nugegoda ',1,5,'2024-04-07 09:54:58',NULL,'2024-04-07 09:54:58'),(73,'2024-04-08','Mr . Dewin','','0773522750','Nugegoda',1,5,'2024-04-08 06:39:13',NULL,'2024-04-08 06:39:13'),(74,'2024-04-08','Mr Ravi irugalbandara','','0767744717','Nugegoda ',1,5,'2024-04-08 07:18:02',NULL,'2024-04-08 07:18:02'),(75,'2024-04-10','Mr.Dilanga siriwardhana','','0779677344','Nugegoda ',1,5,'2024-04-10 13:14:34',NULL,'2024-04-10 13:14:34'),(76,'2024-04-11','Mr.chinthaka','','0777047000','Nugegoda ',1,5,'2024-04-11 06:32:24',NULL,'2024-04-11 06:32:24'),(77,'2024-04-18','A.Dantharayana','','0714297855','COLOMBO 5',1,5,'2024-04-18 12:38:04',NULL,'2024-04-18 12:38:04');
/*!40000 ALTER TABLE `order_bill` ENABLE KEYS */;
UNLOCK TABLES;

--
-- Table structure for table `order_item`
--

DROP TABLE IF EXISTS `order_item`;
/*!40101 SET @saved_cs_client     = @@character_set_client */;
/*!40101 SET character_set_client = utf8 */;
CREATE TABLE `order_item` (
  `id` int(11) NOT NULL AUTO_INCREMENT,
  `order_id` int(11) DEFAULT NULL,
  `product` int(11) DEFAULT NULL,
  `price` int(11) DEFAULT NULL,
  `qty` int(11) DEFAULT NULL,
  `added_by` int(11) DEFAULT NULL,
  `added_time` timestamp NOT NULL DEFAULT current_timestamp(),
  `updated_by` int(11) DEFAULT NULL,
  `updated_time` timestamp NOT NULL DEFAULT current_timestamp(),
  PRIMARY KEY (`id`),
  KEY `order_item_added_by` (`added_by`),
  KEY `order_item_updated_by` (`updated_by`),
  KEY `order_item_product` (`product`),
  KEY `order_item_order_bill` (`order_id`),
  CONSTRAINT `order_item_added_by` FOREIGN KEY (`added_by`) REFERENCES `user` (`id`),
  CONSTRAINT `order_item_order_bill` FOREIGN KEY (`order_id`) REFERENCES `order_bill` (`id`) ON DELETE CASCADE ON UPDATE CASCADE,
  CONSTRAINT `order_item_product` FOREIGN KEY (`product`) REFERENCES `product` (`id`),
  CONSTRAINT `order_item_updated_by` FOREIGN KEY (`updated_by`) REFERENCES `user` (`id`)
) ENGINE=InnoDB AUTO_INCREMENT=22 DEFAULT CHARSET=utf8mb4 COLLATE=utf8mb4_general_ci;
/*!40101 SET character_set_client = @saved_cs_client */;

--
-- Dumping data for table `order_item`
--

LOCK TABLES `order_item` WRITE;
/*!40000 ALTER TABLE `order_item` DISABLE KEYS */;
INSERT INTO `order_item` VALUES (2,58,754,12500,1,5,'2024-03-22 07:36:49',NULL,'2024-03-22 07:36:49'),(3,59,747,1950,1,5,'2024-03-22 07:42:18',NULL,'2024-03-22 07:42:18'),(4,60,389,6900,1,5,'2024-03-23 08:32:23',NULL,'2024-03-23 08:32:23'),(5,61,350,34300,1,5,'2024-03-23 11:38:59',NULL,'2024-03-23 11:38:59'),(6,62,505,14500,1,5,'2024-03-26 07:29:39',NULL,'2024-03-26 07:29:39'),(7,65,635,9030,1,5,'2024-03-31 05:14:03',NULL,'2024-03-31 05:14:03'),(8,66,390,6900,1,5,'2024-04-01 12:16:41',NULL,'2024-04-01 12:16:41'),(9,67,322,27300,1,5,'2024-04-03 06:10:12',NULL,'2024-04-03 06:10:12'),(10,67,747,1950,1,5,'2024-04-03 06:10:12',NULL,'2024-04-03 06:10:12'),(11,69,742,4550,1,5,'2024-04-05 06:36:30',NULL,'2024-04-05 06:36:30'),(12,70,620,9030,1,5,'2024-04-07 09:42:43',NULL,'2024-04-07 09:42:43'),(13,71,622,9030,1,5,'2024-04-07 09:51:17',NULL,'2024-04-07 09:51:17'),(14,72,507,10150,2,5,'2024-04-07 09:54:58',NULL,'2024-04-07 09:54:58'),(15,73,380,6900,1,5,'2024-04-08 06:39:13',NULL,'2024-04-08 06:39:13'),(16,74,369,6650,1,5,'2024-04-08 07:18:02',NULL,'2024-04-08 07:18:02'),(17,75,412,6650,1,5,'2024-04-10 13:14:34',NULL,'2024-04-10 13:14:34'),(18,76,397,6650,1,5,'2024-04-11 06:32:24',NULL,'2024-04-11 06:32:24'),(19,76,414,4830,1,5,'2024-04-11 06:32:24',NULL,'2024-04-11 06:32:24'),(20,76,395,4830,1,5,'2024-04-11 06:32:24',NULL,'2024-04-11 06:32:24'),(21,77,390,6900,1,5,'2024-04-18 12:38:04',NULL,'2024-04-18 12:38:04');
/*!40000 ALTER TABLE `order_item` ENABLE KEYS */;
UNLOCK TABLES;

--
-- Table structure for table `order_payment`
--

DROP TABLE IF EXISTS `order_payment`;
/*!40101 SET @saved_cs_client     = @@character_set_client */;
/*!40101 SET character_set_client = utf8 */;
CREATE TABLE `order_payment` (
  `id` int(11) NOT NULL AUTO_INCREMENT,
  `order_id` int(11) NOT NULL,
  `amount` double NOT NULL,
  `type` int(11) NOT NULL DEFAULT 1 COMMENT '1 - cash, 2 - card',
  `added_by` int(11) NOT NULL,
  `added_time` timestamp NOT NULL DEFAULT current_timestamp(),
  PRIMARY KEY (`id`)
) ENGINE=InnoDB AUTO_INCREMENT=61 DEFAULT CHARSET=utf8mb4 COLLATE=utf8mb4_general_ci;
/*!40101 SET character_set_client = @saved_cs_client */;

--
-- Dumping data for table `order_payment`
--

LOCK TABLES `order_payment` WRITE;
/*!40000 ALTER TABLE `order_payment` DISABLE KEYS */;
INSERT INTO `order_payment` VALUES (46,59,1950,1,4,'2024-03-22 07:48:49'),(47,58,12500,2,4,'2024-03-22 07:49:06'),(48,60,6900,2,4,'2024-03-23 08:33:59'),(49,61,34300,2,4,'2024-03-23 11:41:10'),(50,64,9030,1,4,'2024-03-31 05:06:05'),(51,65,9030,1,4,'2024-03-31 05:15:05'),(52,66,6900,2,4,'2024-04-01 12:18:17'),(53,67,29250,1,4,'2024-04-03 06:11:10'),(54,70,9030,2,4,'2024-04-07 09:44:55'),(55,71,9030,2,4,'2024-04-07 09:52:00'),(56,72,20300,1,4,'2024-04-07 09:55:22'),(57,73,6900,1,4,'2024-04-08 06:41:01'),(58,74,6650,1,4,'2024-04-08 07:18:22'),(59,75,6650,2,4,'2024-04-10 13:15:26'),(60,76,16310,2,4,'2024-04-11 06:34:56');
/*!40000 ALTER TABLE `order_payment` ENABLE KEYS */;
UNLOCK TABLES;

--
-- Table structure for table `order_status`
--

DROP TABLE IF EXISTS `order_status`;
/*!40101 SET @saved_cs_client     = @@character_set_client */;
/*!40101 SET character_set_client = utf8 */;
CREATE TABLE `order_status` (
  `id` int(11) NOT NULL AUTO_INCREMENT,
  `status` varchar(100) DEFAULT NULL,
  PRIMARY KEY (`id`)
) ENGINE=InnoDB AUTO_INCREMENT=2 DEFAULT CHARSET=utf8mb4 COLLATE=utf8mb4_general_ci;
/*!40101 SET character_set_client = @saved_cs_client */;

--
-- Dumping data for table `order_status`
--

LOCK TABLES `order_status` WRITE;
/*!40000 ALTER TABLE `order_status` DISABLE KEYS */;
INSERT INTO `order_status` VALUES (1,'Added');
/*!40000 ALTER TABLE `order_status` ENABLE KEYS */;
UNLOCK TABLES;

--
-- Table structure for table `product`
--

DROP TABLE IF EXISTS `product`;
/*!40101 SET @saved_cs_client     = @@character_set_client */;
/*!40101 SET character_set_client = utf8 */;
CREATE TABLE `product` (
  `id` int(11) NOT NULL AUTO_INCREMENT,
  `size` varchar(100) NOT NULL DEFAULT '',
  `color` varchar(100) NOT NULL DEFAULT '',
  `name` varchar(500) DEFAULT NULL,
  `stock` int(11) NOT NULL DEFAULT 0,
  `price` double DEFAULT NULL,
  `product_id` varchar(500) DEFAULT NULL,
  `type` int(11) DEFAULT NULL,
  `category` int(11) DEFAULT NULL,
  `sub_category` int(11) DEFAULT NULL,
  `status` int(11) NOT NULL DEFAULT 0,
  `added_by` int(11) DEFAULT NULL,
  `added_time` timestamp NOT NULL DEFAULT current_timestamp(),
  `updated_by` int(11) DEFAULT NULL,
  `updated_time` timestamp NOT NULL DEFAULT current_timestamp(),
  PRIMARY KEY (`id`),
  KEY `product_added_by` (`added_by`),
  KEY `product_updated_by` (`updated_by`),
  KEY `product_status` (`status`),
  KEY `product_type` (`type`),
  KEY `product_category` (`category`),
  KEY `product_sub_category` (`sub_category`),
  CONSTRAINT `product_added_by` FOREIGN KEY (`added_by`) REFERENCES `user` (`id`),
  CONSTRAINT `product_category` FOREIGN KEY (`category`) REFERENCES `product_category` (`id`),
  CONSTRAINT `product_status` FOREIGN KEY (`status`) REFERENCES `product_status` (`id`),
  CONSTRAINT `product_sub_category` FOREIGN KEY (`sub_category`) REFERENCES `product_sub_category` (`id`),
  CONSTRAINT `product_type` FOREIGN KEY (`type`) REFERENCES `product_type` (`id`),
  CONSTRAINT `product_updated_by` FOREIGN KEY (`updated_by`) REFERENCES `user` (`id`)
) ENGINE=InnoDB AUTO_INCREMENT=808 DEFAULT CHARSET=utf8mb4 COLLATE=utf8mb4_general_ci;
/*!40101 SET character_set_client = @saved_cs_client */;

--
-- Dumping data for table `product`
--

LOCK TABLES `product` WRITE;
/*!40000 ALTER TABLE `product` DISABLE KEYS */;
INSERT INTO `product` VALUES (197,'UK12','WHITE','QK FROCK - CH3028 - UK12',0,307000,'FCH3028',1,1,35,1,1,'2024-02-27 05:10:04',NULL,'2024-02-27 05:10:04'),(198,'UK10','WHITE','QK FROCK - QK0318 - UK10',0,290000,'FQK0318',1,1,35,1,1,'2024-02-27 05:12:04',NULL,'2024-02-27 05:12:04'),(199,'UK12','WHITE','QK FROCK - 9C-EY9147 - UK12',0,375000,'F9C-EY9147',1,1,35,1,1,'2024-02-27 05:13:07',NULL,'2024-02-27 05:13:07'),(200,'UK12','WHITE','QK FROCK - QK0312 - UK12',0,315000,'FQK0312',1,1,35,1,1,'2024-02-27 05:14:17',NULL,'2024-02-27 05:14:17'),(201,'UK10','WHITE','QK FROCK - CH3025 - UK10',0,225000,'FCH3025',1,1,35,1,1,'2024-02-27 05:16:20',NULL,'2024-02-27 05:16:20'),(202,'UK10','WHITE','QK FROCK - CH3101 - UK10',0,570000,'FCH3101',1,1,35,1,1,'2024-02-27 05:17:52',NULL,'2024-02-27 05:17:52'),(203,'UK10','WHITE','QK FROCK - CH3043 - UK10',0,225000,'FCH3043',1,1,35,1,1,'2024-02-27 05:19:22',NULL,'2024-02-27 05:19:22'),(204,'UK10','WHITE','QK FROCK - QK0323 - UK10',0,390000,'FQK0323',1,1,35,1,1,'2024-02-27 05:20:25',NULL,'2024-02-27 05:20:25'),(205,'UK10','WHITE','QK FROCK - CH3054 - UK10',0,307000,'FCH3054',1,1,35,1,1,'2024-02-27 05:21:12',NULL,'2024-02-27 05:21:12'),(206,'UK10','WHITE','QK FROCK - CH3078 - UK10',0,390000,'FCH3078',1,1,35,1,1,'2024-02-27 05:23:38',NULL,'2024-02-27 05:23:38'),(207,'UK10','WHITE','QK FROCK - QK0311 - UK10',0,356000,'FQK0311',1,1,35,1,1,'2024-02-27 05:25:12',NULL,'2024-02-27 05:25:12'),(208,'UK8','WHITE','QK FROCK - QK0305 - UK8',0,239000,'FQK0305',1,1,35,1,1,'2024-02-27 05:41:51',NULL,'2024-02-27 05:41:51'),(209,'UK10','WHITE','QK FROCK - QK0310 - UK10',0,239000,'FQK0310',1,1,35,1,1,'2024-02-27 05:42:55',NULL,'2024-02-27 05:42:55'),(210,'UK8','WHITE','QK FROCK - CH3112 - UK8',0,206000,'FCH3112',1,1,35,1,1,'2024-02-27 05:43:32',NULL,'2024-02-27 05:43:32'),(211,'UK10','WHITE','QK FROCK - CH3055 - UK10',0,185000,'FCH3055',1,1,35,1,1,'2024-02-27 05:46:23',NULL,'2024-02-27 05:46:23'),(212,'UK10','WHITE','QK FROCK - QK0326 - UK10',0,239000,'FQK0326',1,1,35,1,1,'2024-02-27 05:47:42',NULL,'2024-02-27 05:47:42'),(213,'UK10','WHITE','QK FROCK - QK0315 - UK10',0,239000,'FQK0315',1,1,35,1,1,'2024-02-27 05:48:36',NULL,'2024-02-27 05:48:36'),(214,'UK10','WHITE','QK FROCK - CH3008 - UK10',0,225000,'FCH3008',1,1,35,1,1,'2024-02-27 05:49:34',1,'2024-02-27 06:01:04'),(215,'UK10','WHITE','QK FROCK - CH3122 - UK10',0,206000,'FCH3122',1,1,35,1,1,'2024-02-27 05:51:17',NULL,'2024-02-27 05:51:17'),(216,'UK12','WHITE','QK FROCK - CH3049 - UK12',0,225000,'FCH3049',1,1,35,1,1,'2024-02-27 05:52:04',NULL,'2024-02-27 05:52:04'),(217,'UK10','WHITE','QK FROCK - SH2640 - UK10',0,185000,'FSH2640',1,1,35,1,1,'2024-02-27 05:53:45',NULL,'2024-02-27 05:53:45'),(218,'UK10','WHITE','QK FROCK - QK0309 - UK10',0,239000,'FQK0309',1,1,35,1,1,'2024-02-27 05:54:36',NULL,'2024-02-27 05:54:36'),(219,'M','WHITE','QK FROCK - F135 - M',0,199000,'F135',1,1,35,1,1,'2024-02-27 05:55:26',NULL,'2024-02-27 05:55:26'),(220,'UK10','WHITE','QK FROCK - QK0316 - UK10',0,315000,'FQK0316',1,1,35,1,1,'2024-02-27 05:56:13',NULL,'2024-02-27 05:56:13'),(221,'UK10','WHITE','QK FROCK - CH3089 - UK10',0,225000,'FCH3089',1,1,35,1,1,'2024-02-27 05:56:50',NULL,'2024-02-27 05:56:50'),(222,'UK8','WHITE','QK FROCK - QK0317 - UK8',0,315000,'FQK0317',1,1,35,1,1,'2024-02-27 05:57:32',NULL,'2024-02-27 05:57:32'),(223,'UK12','WHITE','QK FROCK - QK0323 - UK12',0,390000,'FQK0323',1,1,35,1,1,'2024-02-27 05:58:34',NULL,'2024-02-27 05:58:34'),(224,'UK8','WHITE','QK FROCK - QK0313 - UK8',0,239000,'FQK0313',1,1,35,1,1,'2024-02-27 05:59:13',NULL,'2024-02-27 05:59:13'),(225,'UK10','WHITE','QK FROCK - QK0322 - UK10',0,390000,'FQK0322',1,1,35,1,1,'2024-02-27 06:01:41',NULL,'2024-02-27 06:01:41'),(226,'UK10','WHITE','QK FROCK - QK0321 - UK10',0,390000,'FQK0321',1,1,35,1,1,'2024-02-27 06:02:18',NULL,'2024-02-27 06:02:18'),(227,'UK10','WHITE','QK FROCK - QK0320 - UK10',0,315000,'FQK0320',1,1,35,1,1,'2024-02-27 06:03:12',NULL,'2024-02-27 06:03:12'),(228,'N/A','WHITE','QK FROCK - QK0327 ',0,390000,'FQK0327',1,1,35,1,1,'2024-02-27 06:03:57',NULL,'2024-02-27 06:03:57'),(229,'UK12','WHITE','QK FROCK - QK0304 - UK12',0,315000,'FQK0304',1,1,35,1,1,'2024-02-27 06:04:50',NULL,'2024-02-27 06:04:50'),(230,'UK8','WHITE','QK FROCK - SH2491 - UK8',0,206000,'FSH2491',1,1,35,1,1,'2024-02-27 06:05:41',NULL,'2024-02-27 06:05:41'),(231,'UK12','WHITE','QK FROCK - QK0320 - UK12',0,315000,'FQK0320',1,1,35,1,1,'2024-02-27 06:06:17',NULL,'2024-02-27 06:06:17'),(232,'UK12','WHITE','QK FROCK - QK0306 - UK12',0,315000,'FQK0306',1,1,35,1,1,'2024-02-27 06:06:50',NULL,'2024-02-27 06:06:50'),(233,'UK8','WHITE','QK FROCK - CH3110 - UK8',0,206000,'FCH3110',1,1,35,1,1,'2024-02-27 06:18:45',NULL,'2024-02-27 06:18:45'),(234,'UK14','WHITE','QK FROCK - QK0328 - UK14',0,390000,'FQK0328',1,1,35,1,1,'2024-02-27 06:19:31',NULL,'2024-02-27 06:19:31'),(235,'UK10','WHITE','QK FROCK - QK0312 - UK10',0,315000,'FQK0312',1,1,35,1,1,'2024-02-27 06:20:18',NULL,'2024-02-27 06:20:18'),(236,'UK12','WHITE','QK FROCK - QK0316 - UK12',0,315000,'FQK0316',1,1,35,1,1,'2024-02-27 06:23:07',NULL,'2024-02-27 06:23:07'),(237,'UK12','WHITE','QK FROCK - QK0308 - UK12',0,356000,'FQK0308',1,1,35,1,1,'2024-02-27 06:23:48',NULL,'2024-02-27 06:23:48'),(238,'UK8','WHITE','QK FROCK - QK0315 - UK8',0,239000,'FQK0315',1,1,35,1,1,'2024-02-27 06:24:33',NULL,'2024-02-27 06:24:33'),(239,'UK10','WHITE','QK FROCK - CH3030 - UK10',0,225000,'FCH3030',1,1,35,1,1,'2024-02-27 06:37:01',NULL,'2024-02-27 06:37:01'),(240,'UK10','WHITE','QK FROCK - CH3027 - UK10',0,225000,'FCH3027',1,1,35,1,1,'2024-02-27 06:38:15',NULL,'2024-02-27 06:38:15'),(241,'UK10','WHITE','QK FROCK - QK0307 - UK10',0,356000,'FQK0307',1,1,35,1,1,'2024-02-27 06:38:59',NULL,'2024-02-27 06:38:59'),(242,'UK10','WHITE','QK FROCK - QK0305 - UK10',0,239000,'FQK0305',1,1,35,1,1,'2024-02-27 06:39:36',NULL,'2024-02-27 06:39:36'),(243,'UK6','WHITE','QK FROCK - QK0326 - UK6',0,239000,'FQK0326',1,1,35,1,1,'2024-02-27 06:40:32',NULL,'2024-02-27 06:40:32'),(244,'UK10','WHITE','QK FROCK - QK0313 - UK10',0,239000,'FQK0313',1,1,35,1,1,'2024-02-27 06:41:11',NULL,'2024-02-27 06:41:11'),(245,'UK8','WHITE','QK FROCK - QK0301 - UK8',0,356000,'FQK0301',1,1,35,1,1,'2024-02-27 06:43:41',NULL,'2024-02-27 06:43:41'),(246,'92x74','WHITE','QK FROCK - SH2657 - 92x74',0,206000,'FSH2657',1,1,35,1,1,'2024-02-27 06:44:31',NULL,'2024-02-27 06:44:31'),(247,'UK10','WHITE','QK FROCK - CH3085 - UK10',0,185000,'FCH3085',1,1,35,1,1,'2024-02-27 06:45:11',NULL,'2024-02-27 06:45:11'),(248,'UK10','WHITE','QK FROCK - CH3049 - UK10',0,225000,'FCH3049',1,1,35,1,1,'2024-02-27 06:45:51',NULL,'2024-02-27 06:45:51'),(249,'UK8','WHITE','QK FROCK - CH3045 - UK8',0,225000,'FCH3045',1,1,35,1,1,'2024-02-27 06:46:48',NULL,'2024-02-27 06:46:48'),(250,'UK12','WHITE','QK FROCK - QK0314 - UK12',0,239000,'FQK0314',1,1,35,1,1,'2024-02-27 06:47:38',NULL,'2024-02-27 06:47:38'),(251,'UK10','WHITE','QK FROCK - CH3041 - UK10',0,225000,'FCH3041',1,1,35,1,1,'2024-02-27 06:48:18',NULL,'2024-02-27 06:48:18'),(252,'UK10','WHITE','QK FROCK - QK0304 - UK10',0,315000,'FQK0304',1,1,35,1,1,'2024-02-27 06:48:54',NULL,'2024-02-27 06:48:54'),(253,'UK12','WHITE','QK FROCK - QK0327 - UK12',0,239000,'FQK0327',1,1,35,1,1,'2024-02-27 06:49:50',NULL,'2024-02-27 06:49:50'),(254,'UK10','WHITE','QK FROCK - QK0308 - UK10',0,356000,'FQK0308',1,1,35,1,1,'2024-02-27 06:53:27',NULL,'2024-02-27 06:53:27'),(255,'UK10','WHITE','QK FROCK - QK0303 - UK10',0,239000,'FQK0303',1,1,35,1,1,'2024-02-27 06:54:01',NULL,'2024-02-27 06:54:01'),(256,'UK8','WHITE','QK FROCK - CH3118 - UK8',0,206000,'FCH3118',1,1,35,1,1,'2024-02-27 06:54:50',NULL,'2024-02-27 06:54:50'),(257,'UK8','WHITE','QK FROCK - QK0307 - UK8',0,356000,'FQK0307',1,1,35,1,1,'2024-02-27 06:55:37',NULL,'2024-02-27 06:55:37'),(258,'UK8','WHITE','QK FROCK - FY223-5 - UK8',0,363000,'FY223-5',1,1,35,1,1,'2024-02-27 06:56:13',NULL,'2024-02-27 06:56:13'),(259,'N/A','PEACH','QK GOWN - RS2',0,190000,'QKFRS2',1,1,35,1,1,'2024-02-27 06:59:28',NULL,'2024-02-27 06:59:28'),(260,'N/A','PINK','QK GOWN - G48',0,150000,'QKFG48',1,1,35,1,1,'2024-02-27 07:00:42',NULL,'2024-02-27 07:00:42'),(261,'N/A','PINK','QK GOWN - G46',0,150000,'QKFG46',1,1,35,1,1,'2024-02-27 07:02:07',NULL,'2024-02-27 07:02:07'),(262,'N/A','BEIGE','QK GOWN - T166',0,239000,'QKFT166',1,1,35,1,1,'2024-02-27 07:03:36',NULL,'2024-02-27 07:03:36'),(263,'N/A','PEACH','QK GOWN - G41',0,170000,'QKFG41',1,1,35,1,1,'2024-02-27 07:05:38',NULL,'2024-02-27 07:05:38'),(264,'N/A','RED','QK GOWN - SG114',0,320000,'LSG114',1,1,35,1,1,'2024-02-27 07:06:39',NULL,'2024-02-27 07:06:39'),(265,'N/A','PURPLE','QK GOWN - QKIND1',0,190000,'QKIND1',1,1,35,1,1,'2024-02-27 07:07:39',NULL,'2024-02-27 07:07:39'),(266,'N/A','OLIVE','QK GOWN - G34',0,279000,'QKFG34',1,1,35,1,1,'2024-02-27 07:09:41',NULL,'2024-02-27 07:09:41'),(267,'39','BROWN','QK CASUAL SHOES - 66001/2 - 39',0,47900,'QK0409',1,2,30,1,1,'2024-02-27 07:24:53',NULL,'2024-02-27 07:24:53'),(268,'40','BROWN','QK CASUAL SHOES - 66001/2 - 40',0,47900,'QK0409',1,2,30,1,1,'2024-02-27 07:26:00',NULL,'2024-02-27 07:26:00'),(269,'41','BROWN','QK CASUAL SHOES - 66001/2 - 41',0,47900,'QK0409',1,2,30,1,1,'2024-02-27 07:28:21',NULL,'2024-02-27 07:28:21'),(270,'42','BROWN','QK CASUAL SHOES - 66001/2 - 42',0,47900,'QK0409',1,2,30,1,1,'2024-02-27 07:31:37',NULL,'2024-02-27 07:31:37'),(271,'43','BROWN','QK CASUAL SHOES - 66001/2 - 43',0,47900,'QK0409',1,2,30,1,1,'2024-02-27 07:32:27',NULL,'2024-02-27 07:32:27'),(272,'44','BROWN','QK CASUAL SHOES - 66001/2 - 44',0,47900,'QK0409',1,2,30,1,1,'2024-02-27 07:33:15',NULL,'2024-02-27 07:33:15'),(273,'39','BLACK','QK CASUAL SHOES - 21085 - 39',0,85000,'QK0401',1,2,30,1,1,'2024-02-27 07:35:52',NULL,'2024-02-27 07:35:52'),(274,'42','BLACK','QK CASUAL SHOES - 21085 - 42',0,85000,'QK0401',1,2,30,1,1,'2024-02-27 07:37:14',NULL,'2024-02-27 07:37:14'),(275,'43','BLACK','QK CASUAL SHOES - 21085 - 43',0,85000,'QK0401',1,2,30,1,1,'2024-02-27 07:37:51',NULL,'2024-02-27 07:37:51'),(276,'44','BLACK','QK CASUAL SHOES - 21085 - 44',0,85000,'QK0401',1,2,30,1,1,'2024-02-27 07:38:29',NULL,'2024-02-27 07:38:29'),(277,'39','BLACK','QK CASUAL SHOES - 66001-5 - 39',0,47900,'QK0408',1,2,30,1,1,'2024-02-27 07:45:56',1,'2024-03-15 05:17:57'),(278,'40','BLACK','QK CASUAL SHOES - 66001-5 - 40',0,47900,'QK0408',1,2,30,1,1,'2024-02-27 07:59:44',1,'2024-03-15 05:18:21'),(279,'41','BLACK','QK CASUAL SHOES - 66001-5 - 41',0,47900,'QK0408',1,2,30,1,1,'2024-02-27 08:06:37',1,'2024-03-15 05:18:42'),(280,'42','BLACK','QK CASUAL SHOES - 66001-5 - 42',0,47900,'QK0408',1,2,30,1,1,'2024-02-27 08:49:10',1,'2024-03-15 05:18:59'),(281,'43','BLACK','QK CASUAL SHOES - 66001-5 - 43',0,47900,'QK0408',1,2,30,1,1,'2024-02-27 09:03:25',1,'2024-03-15 05:19:14'),(282,'44','BLACK','QK CASUAL SHOES - 66001-5 - 44',0,47900,'QK0408',1,2,30,1,1,'2024-02-27 09:04:40',1,'2024-03-15 05:20:06'),(283,'39','D. BROWN','QK CASUAL SHOES - XL03 - 39',0,107000,'QK0403',1,2,30,1,1,'2024-02-27 09:07:04',NULL,'2024-02-27 09:07:04'),(284,'40','D. BROWN','QK CASUAL SHOES - XL03 - 40',0,107000,'QK0403',1,2,30,1,1,'2024-02-27 09:07:56',NULL,'2024-02-27 09:07:56'),(285,'41','D. BROWN','QK CASUAL SHOES - XL03 - 41',0,107000,'QK0403',1,2,30,1,1,'2024-02-27 09:08:57',NULL,'2024-02-27 09:08:57'),(286,'42','D. BROWN','QK CASUAL SHOES - XL03 - 42',0,107000,'QK0403',1,2,30,1,1,'2024-02-27 09:09:49',NULL,'2024-02-27 09:09:49'),(287,'43','D. BROWN','QK CASUAL SHOES - XL03 - 43',0,107000,'QK0403',1,2,30,1,1,'2024-02-27 09:10:42',NULL,'2024-02-27 09:10:42'),(288,'44','D. BROWN','QK CASUAL SHOES - XL03 - 44',0,107000,'QK0403',1,2,30,1,1,'2024-02-27 09:16:10',NULL,'2024-02-27 09:16:10'),(289,'39','BLACK','QK CASUAL SHOES - 50132 - 39',0,47900,'QK0405',1,2,30,1,1,'2024-02-29 04:29:08',NULL,'2024-02-29 04:29:08'),(290,'40','BLACK','QK CASUAL SHOES - 50132 - 40',0,47900,'QK0405',1,2,30,1,1,'2024-02-29 04:30:01',NULL,'2024-02-29 04:30:01'),(291,'41','BLACK','QK CASUAL SHOES - 50132 - 41',0,47900,'QK0405',1,2,30,1,1,'2024-02-29 04:32:59',NULL,'2024-02-29 04:32:59'),(292,'42','BLACK','QK CASUAL SHOES - 50132 - 42',0,47900,'QK0405',1,2,30,1,1,'2024-02-29 04:51:12',NULL,'2024-02-29 04:51:12'),(293,'43','BLACK','QK CASUAL SHOES - 50132 - 43',0,47900,'QK0405',1,2,30,1,1,'2024-02-29 04:53:05',NULL,'2024-02-29 04:53:05'),(294,'44','BLACK','QK CASUAL SHOES - 50132 - 44',0,47900,'QK0405',1,2,30,1,1,'2024-02-29 04:54:31',NULL,'2024-02-29 04:54:31'),(295,'39','L. BROWN','QK CASUAL SHOES - XL03 - 39',0,107000,'QK0402',1,2,30,1,1,'2024-02-29 04:57:22',NULL,'2024-02-29 04:57:22'),(296,'40','L. BROWN','QK CASUAL SHOES - XL03 - 40',0,107000,'QK0402',1,2,30,1,1,'2024-02-29 06:52:37',NULL,'2024-02-29 06:52:37'),(297,'41','L. BROWN','QK CASUAL SHOES - XL03 - 41',0,107000,'QK0402',1,2,30,1,1,'2024-02-29 06:53:21',NULL,'2024-02-29 06:53:21'),(298,'42','L. BROWN','QK CASUAL SHOES - XL03 - 42',0,107000,'QK0402',1,2,30,1,1,'2024-02-29 06:54:04',NULL,'2024-02-29 06:54:04'),(299,'43','L. BROWN','QK CASUAL SHOES - XL03 - 43',0,107000,'QK0402',1,2,30,1,1,'2024-02-29 06:54:47',NULL,'2024-02-29 06:54:47'),(300,'44','L. BROWN','QK CASUAL SHOES - XL03 - 44',0,107000,'QK0402',1,2,30,1,1,'2024-02-29 06:55:29',NULL,'2024-02-29 06:55:29'),(301,'39','WHITE','QK CASUAL SHOES - 66001/6 - 39',0,47900,'QK0407',1,2,30,1,1,'2024-02-29 06:56:22',NULL,'2024-02-29 06:56:22'),(302,'40','WHITE','QK CASUAL SHOES - 66001/6 - 40',0,47900,'QK0407',1,2,30,1,1,'2024-02-29 06:57:19',NULL,'2024-02-29 06:57:19'),(303,'41','WHITE','QK CASUAL SHOES - 66001/6 - 41',0,47900,'QK0407',1,2,30,1,1,'2024-02-29 06:58:04',NULL,'2024-02-29 06:58:04'),(304,'42','WHITE','QK CASUAL SHOES - 66001/6 - 42	QK CASUAL SHOES - 66001/6 - 42',0,47900,'QK0407',1,2,30,1,1,'2024-02-29 06:58:54',NULL,'2024-02-29 06:58:54'),(305,'43','WHITE','QK CASUAL SHOES - 66001/6 - 43',0,47900,'QK0407',1,2,30,1,1,'2024-02-29 06:59:32',NULL,'2024-02-29 06:59:32'),(306,'44','WHITE','QK CASUAL SHOES - 66001/6 - 44',0,47900,'QK0407',1,2,30,1,1,'2024-02-29 07:00:08',NULL,'2024-02-29 07:00:08'),(307,'39','WHITE','QK CASUAL SHOES - 3310 - 39',0,24950,'QK0406',1,2,30,1,1,'2024-02-29 07:01:01',NULL,'2024-02-29 07:01:01'),(308,'40','WHITE','QK CASUAL SHOES - 3310 - 40',0,24950,'QK0406',1,2,30,1,1,'2024-02-29 07:02:02',NULL,'2024-02-29 07:02:02'),(309,'43','WHITE','QK CASUAL SHOES - 3310 - 41',0,24950,'QK0406',1,2,30,1,1,'2024-02-29 07:02:47',NULL,'2024-02-29 07:02:47'),(310,'42','WHITE','QK CASUAL SHOES - 3310 - 42',0,24950,'QK0406',1,2,30,1,1,'2024-02-29 07:04:20',NULL,'2024-02-29 07:04:20'),(311,'43','WHITE','QK CASUAL SHOES - 3310 - 43',0,24950,'QK0406',1,2,30,1,1,'2024-02-29 07:05:01',NULL,'2024-02-29 07:05:01'),(312,'39','BLACK','QK CASUAL SHOES - 50132 - 39',0,47900,'QK0404',1,2,30,1,1,'2024-02-29 07:05:51',NULL,'2024-02-29 07:05:51'),(313,'40','BLACK','QK CASUAL SHOES - 50132 - 40',0,47900,'QK0404',1,2,30,1,1,'2024-02-29 07:12:06',NULL,'2024-02-29 07:12:06'),(314,'41','BLACK','QK CASUAL SHOES - 50132 - 41',0,47900,'QK0404',1,2,30,1,1,'2024-02-29 07:12:49',NULL,'2024-02-29 07:12:49'),(315,'42','BLACK','QK CASUAL SHOES - 50132 - 42',0,47900,'QK0404',1,2,30,1,1,'2024-02-29 07:13:24',NULL,'2024-02-29 07:13:24'),(316,'43','BLACK','QK CASUAL SHOES - 50132 - 43',0,47900,'QK0404',1,2,30,1,1,'2024-02-29 07:15:36',NULL,'2024-02-29 07:15:36'),(317,'44','BLACK','QK CASUAL SHOES - 50132 - 44',0,47900,'QK0404',1,2,30,1,1,'2024-02-29 07:16:34',NULL,'2024-02-29 07:16:34'),(318,'41','BROWN','QK FORMAL SHOES - B717 -BR - 41',0,39000,'QKSHB717',1,2,19,1,1,'2024-02-29 08:48:26',NULL,'2024-02-29 08:48:26'),(319,'42','BROWN','QK FORMAL SHOES - B717 -BR - 42',0,39000,'QKSHB717',1,2,19,1,1,'2024-02-29 08:51:20',NULL,'2024-02-29 08:51:20'),(320,'43','BROWN','QK FORMAL SHOES - B717 -BR - 43',0,39000,'QKSHB717',1,2,19,1,1,'2024-02-29 08:52:48',NULL,'2024-02-29 08:52:48'),(321,'44','BROWN','QK FORMAL SHOES - B717 -BR - 44',0,39000,'QKSHB717',1,2,19,1,1,'2024-02-29 08:53:25',NULL,'2024-02-29 08:53:25'),(322,'41','BLACK','QK FORMAL SHOES - B717 -BL - 41',0,27300,'QKSHB717',1,2,19,1,1,'2024-02-29 08:54:43',3,'2024-04-02 13:50:44'),(323,'42','BLACK','QK FORMAL SHOES - B717 -BL - 42',0,39000,'QKSHB717',1,2,19,1,1,'2024-02-29 08:55:48',NULL,'2024-02-29 08:55:48'),(324,'43','BLACK','QK FORMAL SHOES - B717 -BL - 43',0,39000,'QKSHB717',1,2,19,1,1,'2024-02-29 08:57:58',NULL,'2024-02-29 08:57:58'),(325,'41','WINE RED','QK FORMAL SHOES - B717 -WR - 41',0,39000,'QKSHB717',1,2,19,1,1,'2024-02-29 08:58:45',NULL,'2024-02-29 08:58:45'),(326,'42','WHITE','QK FORMAL SHOES - B717 -WR - 42',0,39000,'QKSHB717',1,2,19,1,1,'2024-02-29 08:59:31',NULL,'2024-02-29 08:59:31'),(327,'43','WINE RED','QK FORMAL SHOES - B717 -WR - 43',0,39000,'QKSHB717',1,2,19,1,1,'2024-02-29 09:01:12',NULL,'2024-02-29 09:01:12'),(328,'44','WINE RED','QK FORMAL SHOES - B717 -WR - 44',0,39000,'QKSHB717',1,2,19,1,1,'2024-02-29 09:01:53',NULL,'2024-02-29 09:01:53'),(329,'41','BROWN','QK FORMAL SHOES - B716 -BR - 41',0,69000,'QKSHB716',1,2,19,1,1,'2024-02-29 09:02:42',NULL,'2024-02-29 09:02:42'),(330,'42','BROWN','QK FORMAL SHOES - B716 -BR - 42',0,69000,'QKSHB716',1,2,19,1,1,'2024-02-29 09:03:24',NULL,'2024-02-29 09:03:24'),(331,'43','BROWN','QK FORMAL SHOES - B716 -BR - 43',0,69000,'QKSHB716',1,2,19,1,1,'2024-02-29 09:04:03',NULL,'2024-02-29 09:04:03'),(332,'44','BROWN','QK FORMAL SHOES - B716 -BR - 44',0,69000,'QKSHB716',1,2,19,1,1,'2024-02-29 09:04:47',NULL,'2024-02-29 09:04:47'),(333,'41','BLACK','QK FORMAL SHOES - B716 -BL - 41',0,69000,'QKSHB716',1,2,19,1,1,'2024-02-29 09:05:35',NULL,'2024-02-29 09:05:35'),(334,'42','BLACK','QK FORMAL SHOES - B716 -BL - 42',0,69000,'QKSHB716',1,2,19,1,1,'2024-02-29 09:06:21',NULL,'2024-02-29 09:06:21'),(335,'43','BLACK','QK FORMAL SHOES - B716 -BL - 43',0,69000,'QKSHB716',1,2,19,1,1,'2024-02-29 09:07:21',NULL,'2024-02-29 09:07:21'),(336,'41','WINE RED','QK FORMAL SHOES - B716 -WR - 41',0,69000,'QKSHB716',1,2,19,1,1,'2024-02-29 09:10:17',NULL,'2024-02-29 09:10:17'),(337,'42','WINE RED','QK FORMAL SHOES - B716 -WR - 42',0,69000,'QKSHB716',1,2,19,1,1,'2024-02-29 09:11:44',NULL,'2024-02-29 09:11:44'),(338,'43','WINE RED','QK FORMAL SHOES - B716 -WR - 43',0,69000,'QKSHB716',1,2,19,1,1,'2024-02-29 09:12:29',NULL,'2024-02-29 09:12:29'),(339,'44','WINE RED','QK FORMAL SHOES - B716 -WR - 44',0,69000,'QKSHB716',1,2,19,1,1,'2024-02-29 09:13:21',NULL,'2024-02-29 09:13:21'),(340,'41','BROWN','QK FORMAL SHOES - K66 -BR - 41',0,49000,'QKSHK66',1,2,19,1,1,'2024-02-29 09:14:46',NULL,'2024-02-29 09:14:46'),(341,'42','BROWN','QK FORMAL SHOES - K66 -BR - 42',0,49000,'QKSHK66',1,2,19,1,1,'2024-02-29 09:15:39',NULL,'2024-02-29 09:15:39'),(342,'43','BROWN','QK FORMAL SHOES - K66 -BR - 43',0,49000,'QKSHK66',1,2,19,1,1,'2024-02-29 09:33:05',NULL,'2024-02-29 09:33:05'),(343,'44','BROWN','QK FORMAL SHOES - K66 -BR - 44',0,49000,'QKSHK66',1,2,19,1,1,'2024-02-29 09:33:47',NULL,'2024-02-29 09:33:47'),(344,'41','BLACK','QK FORMAL SHOES - K66 -BL - 41',0,49000,'QKSHK66',1,2,19,1,1,'2024-02-29 09:34:31',NULL,'2024-02-29 09:34:31'),(345,'42','BLACK','QK FORMAL SHOES - K66 -BL - 42',0,49000,'QKSHK66',1,2,19,1,1,'2024-02-29 09:35:16',NULL,'2024-02-29 09:35:16'),(346,'43','BLACK','QK FORMAL SHOES - K66 -BL - 43',0,49000,'QKSHK66',1,2,19,1,1,'2024-02-29 09:35:57',NULL,'2024-02-29 09:35:57'),(347,'44','BLACK','QK FORMAL SHOES - K66 -BL - 44',0,49000,'QKSHK66',1,2,19,1,1,'2024-02-29 09:36:42',NULL,'2024-02-29 09:36:42'),(348,'41','WINE RED','QK FORMAL SHOES - K66 -WR - 41',0,49000,'QKSHK66',1,2,19,1,1,'2024-02-29 09:37:19',NULL,'2024-02-29 09:37:19'),(349,'42','WINE RED','QK FORMAL SHOES - K66 -WR - 42',0,49000,'QKSHK66',1,2,19,1,1,'2024-02-29 09:38:17',NULL,'2024-02-29 09:38:17'),(350,'43','WINE RED','QK FORMAL SHOES - K66 -WR - 43',0,34300,'QKSHK66',1,2,19,1,1,'2024-02-29 09:39:08',3,'2024-03-23 11:36:14'),(351,'44','WINE RED','QK FORMAL SHOES - K66 -WR - 44',0,49000,'QKSHK66',1,2,19,1,1,'2024-02-29 09:39:55',NULL,'2024-02-29 09:39:55'),(352,'39','BROWN','QK SLIPPER - QK501/301 -39 - BR',0,39000,'QK0501-39',1,2,31,1,1,'2024-02-29 10:11:42',1,'2024-03-04 04:17:00'),(353,'40','BROWN','QK SLIPPER - QK0501/301 - 40 - BR',0,39000,'QK0501-40',1,2,31,1,1,'2024-02-29 10:12:58',1,'2024-03-04 04:17:47'),(354,'41','BROWN','QK SLIPPER - QK0501/301 - 41 - BR',0,39000,'QK0501-41',1,2,31,1,1,'2024-02-29 10:14:10',1,'2024-03-04 04:18:30'),(355,'42','BROWN','QK SLIPPERS - QK0501/301 - 42 - BR',0,39000,'QK0501-42',1,2,31,1,1,'2024-02-29 10:14:53',1,'2024-03-04 04:19:08'),(356,'43','BROWN','QK SLIPPERS - QK0501/301 - 43 - BR',0,39000,'QK0501-43',1,2,31,1,1,'2024-02-29 10:15:39',1,'2024-03-04 04:19:48'),(357,'44','BROWN','QK SLIPPERS - QK0501/301 - 44 - BR',0,39000,'QK0501-44',1,2,31,1,1,'2024-02-29 10:18:32',1,'2024-03-04 04:20:34'),(358,'N/A','N/A','QK CUFFLINKS - QKCF01',0,18500,'QKCF01',1,2,25,1,1,'2024-02-29 10:35:30',NULL,'2024-02-29 10:35:30'),(359,'N/A','N/A','QK CUFFLINKS - QKCF2/8',0,13500,'QKCF2/8',1,2,25,1,1,'2024-02-29 10:36:16',NULL,'2024-02-29 10:36:16'),(360,'N/A','N/A','QK CUFFLINKS - QKCF03',0,32000,'QKCF03',1,2,25,1,1,'2024-02-29 10:36:58',NULL,'2024-02-29 10:36:58'),(361,'N/A','N/A','QK CUFFLINKS - QKCF04',0,13500,'QKCF04',1,2,25,1,1,'2024-02-29 10:38:32',NULL,'2024-02-29 10:38:32'),(362,'N/A','N/A','QK CUFFLINKS - QKCF5/9',0,22000,'QKCF5/9',1,2,25,1,1,'2024-02-29 10:39:21',NULL,'2024-02-29 10:39:21'),(363,'N/A','N/A','QK CUFFLINKS - QKCF06',0,32000,'QKCF06',1,2,25,1,1,'2024-02-29 11:27:18',NULL,'2024-02-29 11:27:18'),(364,'N/A','N/A','QK CUFFLINKS - QKCF07',0,8700,'QKCF07',1,2,25,1,1,'2024-02-29 11:28:01',NULL,'2024-02-29 11:28:01'),(365,'N/A','N/A','QK CUFFLINKS - QKCF10',0,18500,'QKCF10',1,2,25,1,1,'2024-02-29 11:28:59',NULL,'2024-02-29 11:28:59'),(366,'N/A','N/A','QK CUFFLINKS - QKCF11',0,22000,'QKCF11',1,2,25,1,1,'2024-02-29 11:30:32',NULL,'2024-02-29 11:30:32'),(367,'N/A','N/A','QK CUFFLINKS - QKCF12',0,9500,'QKCF12',1,2,25,1,1,'2024-02-29 11:31:05',NULL,'2024-02-29 11:31:05'),(368,'N/A','N/A','QK CUFFLINKS - QKCF13',0,9500,'QKCF13',1,2,25,1,1,'2024-02-29 11:31:40',NULL,'2024-02-29 11:31:40'),(369,'N/A','N/A','QK CUFFLINKS - QKCF14',0,6650,'QKCF14',1,2,25,1,1,'2024-02-29 11:32:21',3,'2024-04-08 07:16:09'),(370,'N/A','N/A','QK CUFFLINKS - QKCF15',0,18000,'QKCF15',1,2,25,1,1,'2024-02-29 11:32:53',NULL,'2024-02-29 11:32:53'),(371,'N/A','N/A','QK CUFFLINKS - QKCF16',0,18000,'QKCF16',1,2,25,1,1,'2024-02-29 11:35:35',NULL,'2024-02-29 11:35:35'),(372,'N/A','N/A','QK CUFFLINKS - QKCF17',0,9500,'QKCF17',1,2,25,1,1,'2024-02-29 11:36:51',NULL,'2024-02-29 11:36:51'),(373,'N/A','N/A','QK CUFFLINKS - QKCF18',0,9500,'QKCF18',1,2,25,1,1,'2024-02-29 11:37:25',NULL,'2024-02-29 11:37:25'),(374,'N/A','N/A','QK CUFFLINKS - QKCF19',0,6900,'QKCF19',1,2,25,1,1,'2024-02-29 11:38:17',NULL,'2024-02-29 11:38:17'),(375,'N/A','N/A','QK CUFFLINKS - QKCF20',0,8700,'QKCF20',1,2,25,1,1,'2024-02-29 11:38:56',NULL,'2024-02-29 11:38:56'),(376,'N/A','N/A','QK CUFFLINKS - QKCF21',0,18000,'QKCF21',1,2,25,1,1,'2024-02-29 11:39:29',NULL,'2024-02-29 11:39:29'),(377,'N/A','N/A','QK CUFFLINKS - QKCF22',0,6900,'QKCF22',1,2,25,1,1,'2024-02-29 11:40:05',NULL,'2024-02-29 11:40:05'),(378,'N/A','N/A','QK CUFFLINKS - QKCF23',0,18000,'QKCF23',1,2,25,1,1,'2024-02-29 11:40:37',NULL,'2024-02-29 11:40:37'),(379,'N/A','N/A','QK CUFFLINKS - QKCF24',0,9500,'QKCF24',1,2,25,1,1,'2024-02-29 11:41:16',NULL,'2024-02-29 11:41:16'),(380,'N/A','N/A','QK CUFFLINKS - QKCF25',0,6900,'QKCF25',1,2,25,1,1,'2024-02-29 11:41:51',3,'2024-04-08 06:37:17'),(381,'N/A','N/A','QK TIE - QKT01-1',0,6900,'QKT01-1',1,2,32,1,1,'2024-03-01 04:30:34',NULL,'2024-03-01 04:30:34'),(382,'N/A','N/A','QK TIE - QKT01-2',0,6900,'QKT01-2',1,2,32,1,1,'2024-03-01 04:31:12',NULL,'2024-03-01 04:31:12'),(383,'N/A','N/A','QK TIE - QKT01-3',0,6900,'QKT01-3',1,2,32,1,1,'2024-03-01 04:32:53',NULL,'2024-03-01 04:32:53'),(384,'N/A','N/A','QK TIE - QKT01-5',0,6900,'QKT01-5',1,2,32,1,1,'2024-03-01 04:33:59',NULL,'2024-03-01 04:33:59'),(385,'N/A','N/A','QK TIE - QKT01-6',0,6900,'QKT01-6',1,2,32,1,1,'2024-03-01 04:34:37',NULL,'2024-03-01 04:34:37'),(386,'N/A','N/A','QK TIE - QKT01-7',0,6900,'QKT01-7',1,2,32,1,1,'2024-03-01 05:10:21',NULL,'2024-03-01 05:10:21'),(387,'N/A','N/A','QK TIE - QKT01-8',0,6900,'QKT01-8',1,2,32,1,1,'2024-03-01 05:12:41',NULL,'2024-03-01 05:12:41'),(388,'N/A','N/A','QK TIE - QKT01-11',0,6900,'QKT01-11',1,2,32,1,1,'2024-03-01 05:13:58',NULL,'2024-03-01 05:13:58'),(389,'N/A','N/A','QK TIE - QKT01-12',0,6900,'QKT01-12',1,2,32,1,1,'2024-03-01 05:15:08',NULL,'2024-03-01 05:15:08'),(390,'N/A','N/A','QK TIE - QKT01-15',0,6900,'QKT01-15',1,2,32,1,1,'2024-03-01 05:15:53',3,'2024-04-01 12:18:12'),(391,'N/A','N/A','QK TIE - QKT01-19',0,6900,'QKT01-19',1,2,32,1,1,'2024-03-01 05:16:43',NULL,'2024-03-01 05:16:43'),(392,'N/A','N/A','QK TIE - QKT01-20',0,6900,'QKT01-20',1,2,32,1,1,'2024-03-01 05:17:33',NULL,'2024-03-01 05:17:33'),(393,'N/A','N/A','QK TIE - QKT01-23',0,6900,'QKT01-23',1,2,32,1,1,'2024-03-01 05:18:22',NULL,'2024-03-01 05:18:22'),(394,'N/A','N/A','QK TIE - QKT01-24',0,6900,'QKT01-24',1,2,32,1,1,'2024-03-01 05:19:11',NULL,'2024-03-01 05:19:11'),(395,'N/A','N/A','QK TIE - QKT01-28',1,4830,'QKT01-28',1,2,32,1,1,'2024-03-01 05:20:00',3,'2024-04-11 07:33:56'),(396,'N/A','N/A','QK TIE - QKT02-1',0,9500,'QKT02-1',1,2,32,1,1,'2024-03-01 05:25:05',NULL,'2024-03-01 05:25:05'),(397,'N/A','N/A','QK TIE - QKT02-2',0,6650,'QKT02-2',1,2,32,1,1,'2024-03-01 05:25:54',3,'2024-04-11 06:26:01'),(398,'N/A','N/A','QK TIE - QKT02-3',0,9500,'QKT02-3',1,2,32,1,1,'2024-03-01 05:26:44',NULL,'2024-03-01 05:26:44'),(399,'N/A','N/A','QK TIE - QKT02-4',0,9500,'QKT02-4',1,2,32,1,1,'2024-03-01 05:27:56',NULL,'2024-03-01 05:27:56'),(400,'N/A','N/A','QK TIE - QKT02-5',0,9500,'QKT02-5',1,2,32,1,1,'2024-03-01 05:28:41',NULL,'2024-03-01 05:28:41'),(401,'N/A','N/A','QK TIE - QKT02-6',0,9500,'QKT02-6',1,2,32,1,1,'2024-03-01 05:29:48',NULL,'2024-03-01 05:29:48'),(402,'N/A','N/A','QK TIE - QKT02-7',0,9500,'QKT02-7',1,2,32,1,1,'2024-03-01 05:30:36',NULL,'2024-03-01 05:30:36'),(403,'N/A','N/A','QK TIE - QKT02-8',0,9500,'QKT02-8',1,2,32,1,1,'2024-03-01 05:32:51',NULL,'2024-03-01 05:32:51'),(404,'N/A','N/A','QK TIE - QKT02-9',0,9500,'QKT02-9',1,2,32,1,1,'2024-03-01 05:34:04',NULL,'2024-03-01 05:34:04'),(405,'N/A','N/A','QK TIE - QKT02-10',0,9500,'QKT02-10',1,2,32,1,1,'2024-03-01 05:35:50',NULL,'2024-03-01 05:35:50'),(406,'N/A','N/A','QK TIE - QKT02-11',0,9500,'QKT02-11',1,2,32,1,1,'2024-03-01 05:36:20',NULL,'2024-03-01 05:36:20'),(407,'N/A','N/A','QK TIE - QKT02-12',0,9500,'QKT02-12',1,2,32,1,1,'2024-03-01 05:39:00',NULL,'2024-03-01 05:39:00'),(408,'N/A','N/A','QK TIE - QKT02-13',0,9500,'QKT02-13',1,2,32,1,1,'2024-03-01 05:39:42',NULL,'2024-03-01 05:39:42'),(409,'N/A','N/A','QK TIE - QKT02-14',0,9500,'QKT02-14',1,2,32,1,1,'2024-03-01 05:40:16',NULL,'2024-03-01 05:40:16'),(410,'N/A','N/A','QK TIE - QKT02-15',0,9500,'QKT02-15',1,2,32,1,1,'2024-03-01 05:40:43',NULL,'2024-03-01 05:40:43'),(411,'N/A','N/A','QK TIE - QKT02-16',0,9500,'QKT02-16',1,2,32,1,1,'2024-03-01 05:41:54',NULL,'2024-03-01 05:41:54'),(412,'N/A','N/A','QK TIE - QKT02-17',0,6650,'QKT02-17',1,2,32,1,1,'2024-03-01 05:43:37',3,'2024-04-10 13:09:59'),(413,'N/A','N/A','QK TIE - QKT02-18',0,9500,'QKT02-18',1,2,32,1,1,'2024-03-01 05:44:33',NULL,'2024-03-01 05:44:33'),(414,'N/A','N/A','QK TIE - QKT02-19',0,4830,'QKT02-19',1,2,32,1,1,'2024-03-01 05:45:52',3,'2024-04-11 06:26:58'),(415,'N/A','N/A','QK TIE - QKT02-20',0,9500,'QKT02-20',1,2,32,1,1,'2024-03-01 05:47:21',NULL,'2024-03-01 05:47:21'),(416,'N/A','N/A','QK TIE - QKT02-21',0,9500,'QKT02-21',1,2,32,1,1,'2024-03-01 05:47:57',NULL,'2024-03-01 05:47:57'),(417,'N/A','N/A','QK TIE - QKT02-22',0,9500,'QKT02-22',1,2,32,1,1,'2024-03-01 05:48:44',NULL,'2024-03-01 05:48:44'),(418,'N/A','N/A','QK TIE - QKT03-1',0,12900,'QKT03-1',1,2,32,1,1,'2024-03-01 05:50:54',NULL,'2024-03-01 05:50:54'),(419,'N/A','N/A','QK TIE - QKT03-3',0,12900,'QKT03-3',1,2,32,1,1,'2024-03-01 05:55:21',NULL,'2024-03-01 05:55:21'),(420,'N/A','N/A','QK TIE - QKT04-1',0,26500,'QKT04-1',1,2,32,1,1,'2024-03-01 05:56:01',NULL,'2024-03-01 05:56:01'),(421,'N/A','N/A','QK TIE - QKT04-2',0,26500,'QKT04-2',1,2,32,1,1,'2024-03-01 05:56:35',NULL,'2024-03-01 05:56:35'),(422,'N/A','N/A','QK TIE - QKT04-3',0,26500,'QKT04-3',1,2,32,1,1,'2024-03-01 05:57:10',NULL,'2024-03-01 05:57:10'),(423,'N/A','N/A','QK TIE - QKT04-4',0,26500,'QKT04-4',1,2,32,1,1,'2024-03-01 05:57:42',NULL,'2024-03-01 05:57:42'),(424,'N/A','N/A','QK TIE - QKT05-1',0,37990,'QKT05-1',1,2,32,1,1,'2024-03-01 05:58:18',NULL,'2024-03-01 05:58:18'),(425,'N/A','N/A','QK TIE - QKT05-2',0,37990,'QKT05-2',1,2,32,1,1,'2024-03-01 05:58:54',NULL,'2024-03-01 05:58:54'),(426,'N/A','N/A','QK TIE - QKT05-3',0,37990,'QKT05-3',1,2,32,1,1,'2024-03-01 05:59:25',NULL,'2024-03-01 05:59:25'),(427,'14.5','REGULAR','QK SHIRT ZT110-01 - R - 14.5',0,29000,'SZT110-01',1,2,20,1,1,'2024-03-02 08:47:13',NULL,'2024-03-02 08:47:13'),(428,'15','REGULAR','QK SHIRT ZT110-01 - R - 15',1,20300,'SZT110-01',1,2,20,1,1,'2024-03-02 08:49:02',3,'2024-04-06 06:11:34'),(429,'15.5','REGULAR','QK SHIRT ZT110-01 - R - 15.5',2,20300,'SZT110-01',1,2,20,1,1,'2024-03-02 08:49:54',3,'2024-04-06 06:11:10'),(430,'16','REGULAR','QK SHIRT ZT110-01 - R - 16',2,20300,'SZT110-01',1,2,20,1,1,'2024-03-02 08:50:55',3,'2024-04-06 06:12:01'),(431,'16.5','REGULAR','QK SHIRT ZT110-01 - R - 16.5',1,20300,'SZT110-01',1,2,20,1,1,'2024-03-02 08:51:42',3,'2024-04-06 06:12:23'),(432,'17','REGULAR','QK SHIRT ZT110-01 - R - 17',0,29000,'SZT110-01',1,2,20,1,1,'2024-03-02 08:52:23',NULL,'2024-03-02 08:52:23'),(433,'17.5','REGULAR','QK SHIRT ZT110-01 - R - 17.5',0,29000,'SZT110-01',1,2,20,1,1,'2024-03-02 08:54:31',NULL,'2024-03-02 08:54:31'),(434,'14.5','SLIM','QK SHIRT ZT110-01 - S - 14.5',0,29000,'SZT110-01',1,2,20,1,1,'2024-03-02 08:55:14',NULL,'2024-03-02 08:55:14'),(435,'15','SLIM','QK SHIRT ZT110-01 - S - 15',1,20300,'SZT110-01',1,2,20,1,1,'2024-03-02 08:59:36',3,'2024-04-06 06:13:06'),(436,'15.5','SLIM','QK SHIRT ZT110-01 - S - 15.5',2,20300,'SZT110-01',1,2,20,1,1,'2024-03-02 09:01:31',3,'2024-04-06 06:13:25'),(437,'16','SLIM','QK SHIRT ZT110-01 - S - 16',2,20300,'SZT110-01',1,2,20,1,1,'2024-03-02 09:02:18',3,'2024-04-06 06:13:43'),(438,'16.5','SLIM','QK SHIRT ZT110-01 - S - 16.5',1,20300,'SZT110-01',1,2,20,1,1,'2024-03-02 09:03:07',3,'2024-04-06 06:14:07'),(439,'17','SLIM','QK SHIRT ZT110-01 - S - 17',0,29000,'SZT110-01',1,2,20,1,1,'2024-03-02 09:12:43',NULL,'2024-03-02 09:12:43'),(440,'14.5','REGULAR','QK SHIRT ZT110-02 - R - 14.5',0,29000,'SZT110-02',1,2,20,1,1,'2024-03-02 10:46:06',NULL,'2024-03-02 10:46:06'),(441,'15.5','REGULAR','QK SHIRT ZT110-02 - R - 15.5',2,20300,'SZT110-02',1,2,20,1,1,'2024-03-02 10:46:45',3,'2024-04-06 06:18:54'),(442,'16','REGULAR','QK SHIRT ZT110-02 - R - 16',2,20300,'SZT110-02',1,2,20,1,1,'2024-03-02 10:47:40',3,'2024-04-06 06:19:15'),(443,'16.5','REGULAR','QK SHIRT ZT110-02 - R - 16.5',1,20300,'SZT110-02',1,2,20,1,1,'2024-03-02 10:50:10',3,'2024-04-06 06:19:35'),(444,'17.5','REGULAR','QK SHIRT ZT110-02 - R - 17.5',0,29000,'SZT110-02',1,2,20,1,1,'2024-03-02 10:50:49',NULL,'2024-03-02 10:50:49'),(445,'14.5','SLIM','QK SHIRT ZT110-02 - S - 14.5',0,29000,'SZT110-02',1,2,20,1,1,'2024-03-02 10:51:42',NULL,'2024-03-02 10:51:42'),(446,'15','SLIM','QK SHIRT ZT110-02 - S - 15',1,20300,'SZT110-02',1,2,20,1,1,'2024-03-02 10:52:26',3,'2024-04-06 06:15:22'),(447,'15.5','SLIM','QK SHIRT ZT110-02 - S - 15.5',1,20300,'SZT110-02',1,2,20,1,1,'2024-03-02 10:52:59',3,'2024-04-06 06:16:20'),(448,'16.5','SLIM','QK SHIRT ZT110-02 - S - 16.5',0,29000,'SZT110-02',1,2,20,1,1,'2024-03-02 10:54:10',NULL,'2024-03-02 10:54:10'),(449,'17','SLIM','QK SHIRT ZT110-02 - S - 17',0,29000,'SZT110-02',1,2,20,1,1,'2024-03-02 10:55:03',NULL,'2024-03-02 10:55:03'),(450,'17.5','SLIM','QK SHIRT ZT110-02 - S - 17.5',0,29000,'SZT110-02',1,2,20,1,1,'2024-03-02 10:55:39',NULL,'2024-03-02 10:55:39'),(451,'14.5','REGULAR','QK SHIRT ZT110-03 - R - 14.5',0,29000,'SZT110-03',1,2,20,1,1,'2024-03-02 10:56:16',NULL,'2024-03-02 10:56:16'),(452,'15.5','REGULAR','QK SHIRT ZT110-03 - R - 15.5',1,20300,'SZT110-03',1,2,20,1,1,'2024-03-02 10:58:15',3,'2024-04-06 06:21:50'),(453,'16','REGULAR','QK SHIRT ZT110-03 - R - 16',1,20300,'SZT110-03',1,2,20,1,1,'2024-03-02 10:58:53',3,'2024-04-06 06:22:08'),(454,'16.5','REGULAR','QK SHIRT ZT110-03 - R - 16.5',0,29000,'SZT110-03',1,2,20,1,1,'2024-03-02 10:59:26',NULL,'2024-03-02 10:59:26'),(455,'17','REGULAR','QK SHIRT ZT110-03 - R - 17',0,29000,'SZT110-03',1,2,20,1,1,'2024-03-02 11:00:07',NULL,'2024-03-02 11:00:07'),(456,'17.5','REGULAR','QK SHIRT ZT110-03 - R - 17.5',0,29000,'SZT110-03',1,2,20,1,1,'2024-03-02 11:00:38',NULL,'2024-03-02 11:00:38'),(457,'14.5','SLIM','QK SHIRT ZT110-03 - S - 14.5',0,29000,'SZT110-03',1,2,20,1,1,'2024-03-02 11:01:09',1,'2024-03-02 11:02:23'),(458,'15','SLIM','QK SHIRT ZT110-03 - S - 15',1,20300,'SZT110-03',1,2,20,1,1,'2024-03-02 11:01:44',3,'2024-04-06 06:20:21'),(459,'15.5','SLIM','QK SHIRT ZT110-03 - S - 15.5',1,20300,'SZT110-03',1,2,20,1,1,'2024-03-02 11:03:30',3,'2024-04-06 06:20:41'),(460,'16','SLIM','QK SHIRT ZT110-03 - S - 16',1,20300,'SZT110-03',1,2,20,1,1,'2024-03-02 11:04:01',3,'2024-04-06 06:20:59'),(461,'16.5','SLIM','QK SHIRT ZT110-03 - S - 16.5',1,20300,'SZT110-03',1,2,20,1,1,'2024-03-02 11:04:32',3,'2024-04-06 06:21:16'),(462,'17','SLIM','QK SHIRT ZT110-03 - S - 17',0,29000,'SZT110-03',1,2,20,1,1,'2024-03-02 11:05:09',NULL,'2024-03-02 11:05:09'),(463,'17.5','SLIM','QK SHIRT ZT110-03 - S - 17.5',0,29000,'SZT110-02',1,2,20,1,1,'2024-03-02 11:05:42',NULL,'2024-03-02 11:05:42'),(464,'15','REGULAR','QK SHIRT ZT110-05 - R - 15',0,29000,'SZT110-05',1,2,20,1,1,'2024-03-02 11:42:19',NULL,'2024-03-02 11:42:19'),(465,'15.5','REGULAR','QK SHIRT ZT110-05 - R - 15.5',0,29000,'SZT110-05',1,2,20,1,1,'2024-03-02 11:43:02',NULL,'2024-03-02 11:43:02'),(466,'16','REGULAR','QK SHIRT ZT110-05 - R - 16',0,29000,'SZT110-05',1,2,20,1,1,'2024-03-02 11:44:10',NULL,'2024-03-02 11:44:10'),(467,'16.5','REGULAR','QK SHIRT ZT110-05 - R - 16.5',0,29000,'SZT110-05',1,2,20,1,1,'2024-03-02 11:44:42',NULL,'2024-03-02 11:44:42'),(468,'17','REGULAR','QK SHIRT ZT110-05 - R - 17',0,29000,'SZT110-05',1,2,20,1,1,'2024-03-02 11:45:12',NULL,'2024-03-02 11:45:12'),(469,'17.5','REGULAR','QK SHIRT ZT110-05 - R - 17.5',0,29000,'SZT110-05',1,2,20,1,1,'2024-03-02 11:45:47',NULL,'2024-03-02 11:45:47'),(470,'14.5','SLIM','QK SHIRT ZT110-05 - S - 14.5',0,29000,'SZT110-05',1,2,20,1,1,'2024-03-02 11:46:18',NULL,'2024-03-02 11:46:18'),(471,'15','SLIM','QK SHIRT ZT110-05 - S - 15',0,29000,'SZT110-05',1,2,20,1,1,'2024-03-02 11:47:07',NULL,'2024-03-02 11:47:07'),(472,'15.5','SLIM','QK SHIRT ZT110-05 - S - 15.5',0,29000,'SZT110-05',1,2,20,1,1,'2024-03-02 11:47:37',NULL,'2024-03-02 11:47:37'),(473,'16','SLIM','QK SHIRT ZT110-05 - S - 16',0,29000,'SZT110-05',1,2,20,1,1,'2024-03-02 11:48:12',NULL,'2024-03-02 11:48:12'),(474,'16.5','SLIM','QK SHIRT ZT110-05 - S - 16.5',0,29000,'SZT110-05',1,2,20,1,1,'2024-03-02 11:49:29',NULL,'2024-03-02 11:49:29'),(475,'17','SLIM','QK SHIRT ZT110-05 - S - 17',0,29000,'SZT110-05',1,2,20,1,1,'2024-03-02 11:50:07',NULL,'2024-03-02 11:50:07'),(476,'17.5','SLIM','QK SHIRT ZT110-05 - S - 17.5',0,29000,'SZT110-05',1,2,20,1,1,'2024-03-02 11:50:36',NULL,'2024-03-02 11:50:36'),(477,'15','SLIM','QK SHIRT ZT110-08 - R - 15',0,29000,'SZT110-08',1,2,20,1,1,'2024-03-02 11:51:13',NULL,'2024-03-02 11:51:13'),(478,'15.5','REGULAR','QK SHIRT ZT110-08 - R - 15.5',0,29000,'SZT110-08',1,2,20,1,1,'2024-03-02 11:52:16',NULL,'2024-03-02 11:52:16'),(479,'16','REGULAR','QK SHIRT ZT110-08 - R - 16',0,29000,'SZT110-08',1,2,20,1,1,'2024-03-02 11:53:14',NULL,'2024-03-02 11:53:14'),(480,'16.5','REGULAR','QK SHIRT ZT110-08 - R - 16.5',0,29000,'SZT110-08',1,2,20,1,1,'2024-03-02 11:53:44',NULL,'2024-03-02 11:53:44'),(481,'17','REGULAR','QK SHIRT ZT110-08 - R - 17',0,29000,'SZT110-08',1,2,20,1,1,'2024-03-02 11:54:26',NULL,'2024-03-02 11:54:26'),(482,'17.5','REGULAR','QK SHIRT ZT110-08 - R - 17.5',0,29000,'SZT110-08',1,2,20,1,1,'2024-03-02 11:55:05',NULL,'2024-03-02 11:55:05'),(483,'14.5','SLIM','QK SHIRT ZT110-08 - S - 14.5',0,29000,'SZT110-08',1,2,20,1,1,'2024-03-02 11:59:12',NULL,'2024-03-02 11:59:12'),(484,'15','SLIM','QK SHIRT ZT110-08 - S - 15',0,29000,'SZT110-08',1,2,20,1,1,'2024-03-02 11:59:53',NULL,'2024-03-02 11:59:53'),(485,'15.5','SLIM','QK SHIRT ZT110-08 - S - 15.5',0,29000,'SZT110-08',1,2,20,1,1,'2024-03-02 12:00:33',NULL,'2024-03-02 12:00:33'),(486,'16','SLIM','QK SHIRT ZT110-08 - S - 16',0,29000,'SZT110-08',1,2,20,1,1,'2024-03-02 12:19:23',NULL,'2024-03-02 12:19:23'),(487,'16.5','SLIM','QK SHIRT ZT110-08 - S - 16.5',0,29000,'SZT110-08',1,2,20,1,1,'2024-03-02 12:20:32',NULL,'2024-03-02 12:20:32'),(488,'17','SLIM','QK SHIRT ZT110-08 - S - 17',0,29000,'SZT110-08',1,2,20,1,1,'2024-03-02 12:21:18',NULL,'2024-03-02 12:21:18'),(489,'17.5','SLIM','QK SHIRT ZT110-08 - S - 17.5',0,29000,'SZT110-08',1,2,20,1,1,'2024-03-02 12:22:32',NULL,'2024-03-02 12:22:32'),(490,'14.5','REGULAR','QK SHIRT ZT110-11 - R - 14.5',0,29000,'SZT110-11',1,2,20,1,1,'2024-03-02 12:23:12',NULL,'2024-03-02 12:23:12'),(491,'15','REGULAR','QK SHIRT ZT110-11 - R - 15',0,29000,'SZT110-11',1,2,20,1,1,'2024-03-02 12:24:10',NULL,'2024-03-02 12:24:10'),(492,'15.5','REGULAR','QK SHIRT ZT110-11 - R - 15.5',0,29000,'SZT110-11',1,2,20,1,1,'2024-03-02 12:27:07',NULL,'2024-03-02 12:27:07'),(493,'16','REGULAR','QK SHIRT ZT110-11 - R - 16',0,29000,'SZT110-11',1,2,20,1,1,'2024-03-02 12:27:56',NULL,'2024-03-02 12:27:56'),(494,'16.5','REGULAR','QK SHIRT ZT110-11 - R - 16.5',0,29000,'SZT110-11',1,2,20,1,1,'2024-03-02 12:29:26',NULL,'2024-03-02 12:29:26'),(495,'17','REGULAR','QK SHIRT ZT110-11 - R - 17',0,29000,'SZT110-11',1,2,20,1,1,'2024-03-03 05:34:55',NULL,'2024-03-03 05:34:55'),(496,'17.5','REGULAR','QK SHIRT ZT110-11 - R - 17.5',0,29000,'SZT110-11',1,2,20,1,1,'2024-03-03 05:35:51',NULL,'2024-03-03 05:35:51'),(497,'14.5','SLIM','QK SHIRT ZT110-11 - S - 14.5',0,29000,'SZT110-11',1,2,20,1,1,'2024-03-03 05:36:25',1,'2024-03-03 05:39:53'),(498,'15','SLIM','QK SHIRT ZT110-11 - S - 15',0,29000,'SZT110-11',1,2,20,1,1,'2024-03-03 05:36:56',1,'2024-03-03 05:40:49'),(499,'15.5','SLIM','QK SHIRT ZT110-11 - S - 15.5',0,29000,'SZT110-11',1,2,20,1,1,'2024-03-03 05:37:35',1,'2024-03-03 05:41:03'),(500,'16.5','SLIM','QK SHIRT ZT110-11 - S - 16.5',0,29000,'SZT110-11',1,2,20,1,1,'2024-03-03 05:38:11',1,'2024-03-03 05:41:16'),(501,'17','SLIM','QK SHIRT ZT110-11 - S - 17',0,29000,'SZT110-11',1,2,20,1,1,'2024-03-03 05:38:50',NULL,'2024-03-03 05:38:50'),(502,'17.5','SLIM','QK SHIRT ZT110-11 - S - 17.5',0,29000,'SZT110-11',1,2,20,1,1,'2024-03-03 05:42:21',NULL,'2024-03-03 05:42:21'),(503,'14.5','REGULAR','QK SHIRT MT700 - R 14.5',0,14500,'SMT700',1,2,20,1,1,'2024-03-03 05:43:05',NULL,'2024-03-03 05:43:05'),(504,'15','REGULAR','QK SHIRT MT700 - R 15',0,14500,'SMT700',1,2,20,1,1,'2024-03-03 05:44:30',NULL,'2024-03-03 05:44:30'),(505,'15.5','REGULAR','QK SHIRT MT700 - R 15.5',0,14500,'SMT700',1,2,20,1,1,'2024-03-03 05:45:09',NULL,'2024-03-03 05:45:09'),(506,'16','REGULAR','QK SHIRT MT700 - R 16',0,14500,'SMT700',1,2,20,1,1,'2024-03-03 05:46:06',NULL,'2024-03-03 05:46:06'),(507,'16.5','REGULAR','QK SHIRT MT700 - R 16.5',0,10150,'SMT700',1,2,20,1,1,'2024-03-03 05:47:14',3,'2024-04-07 09:53:53'),(508,'17','REGULAR','QK SHIRT MT700 - R 17',0,14500,'SMT700',1,2,20,1,1,'2024-03-03 05:47:48',NULL,'2024-03-03 05:47:48'),(509,'17.5','REGULAR','QK SHIRT MT700 - R 17.5',0,14500,'SMT700',1,2,20,1,1,'2024-03-03 05:48:25',NULL,'2024-03-03 05:48:25'),(510,'14.5','SLIM','QK SHIRT MT700 - S 14.5',0,14500,'SMT700',1,2,20,1,1,'2024-03-03 05:49:02',NULL,'2024-03-03 05:49:02'),(511,'15','SLIM','QK SHIRT MT700 - S 15',0,14500,'SMT700',1,2,20,1,1,'2024-03-03 06:13:06',NULL,'2024-03-03 06:13:06'),(512,'15.5','SLIM','QK SHIRT MT700 - S 15.5',0,14500,'SMT700',1,2,20,1,1,'2024-03-03 06:13:47',NULL,'2024-03-03 06:13:47'),(513,'16','SLIM','QK SHIRT MT700 - S 16',0,14500,'SMT700',1,2,20,1,1,'2024-03-03 06:15:25',NULL,'2024-03-03 06:15:25'),(514,'16.5','SLIM','QK SHIRT MT700 - S 16.5',0,14500,'SMT700',1,2,20,1,1,'2024-03-03 06:16:40',NULL,'2024-03-03 06:16:40'),(515,'17','SLIM','QK SHIRT MT700 - S 17',0,14500,'SMT700',1,2,20,1,1,'2024-03-03 06:17:34',NULL,'2024-03-03 06:17:34'),(516,'17.5','SLIM','QK SHIRT MT700 - S 17.5',0,14500,'SMT700',1,2,20,1,1,'2024-03-03 06:19:25',NULL,'2024-03-03 06:19:25'),(517,'145','REGULAR','QK SHIRT MT701 - R 14.5',0,14500,'SMT701',1,2,20,1,1,'2024-03-03 06:21:34',NULL,'2024-03-03 06:21:34'),(518,'15','REGULAR','QK SHIRT MT701 - R 15',0,14500,'SMT701',1,2,20,1,1,'2024-03-03 06:22:13',NULL,'2024-03-03 06:22:13'),(519,'15.5','REGULAR','QK SHIRT MT701 - R 15.5',0,14500,'SMT701',1,2,20,1,1,'2024-03-03 06:24:22',NULL,'2024-03-03 06:24:22'),(520,'16','REGULAR','QK SHIRT MT701 - R 16',0,14500,'SMT701',1,2,20,1,1,'2024-03-03 06:24:58',NULL,'2024-03-03 06:24:58'),(521,'16.5','REGULAR','QK SHIRT MT701 - R 16.5',0,14500,'SMT701',1,2,20,1,1,'2024-03-03 06:26:11',NULL,'2024-03-03 06:26:11'),(522,'17','REGULAR','QK SHIRT MT701 - R 17',0,14500,'SMT701',1,2,20,1,1,'2024-03-03 06:26:59',NULL,'2024-03-03 06:26:59'),(523,'17.5','REGULAR','QK SHIRT MT701 - R 17.5',0,14500,'SMT701',1,2,20,1,1,'2024-03-03 06:27:44',NULL,'2024-03-03 06:27:44'),(524,'14.5','SLIM','QK SHIRT MT701 - S 14.5',0,14500,'SMT701',1,2,20,1,1,'2024-03-03 06:28:19',NULL,'2024-03-03 06:28:19'),(525,'15','SLIM','QK SHIRT MT701 - S 15',0,14500,'SMT701',1,2,20,1,1,'2024-03-03 06:28:52',NULL,'2024-03-03 06:28:52'),(526,'15.5','SLIM','QK SHIRT MT701 - S 15.5',0,14500,'SMT701',1,2,20,1,1,'2024-03-03 06:30:14',NULL,'2024-03-03 06:30:14'),(527,'16','SLIM','QK SHIRT MT701 - S 16',0,14500,'SMT701',1,2,20,1,1,'2024-03-03 06:31:00',NULL,'2024-03-03 06:31:00'),(528,'16.5','SLIM','QK SHIRT MT701 - S 16.5',0,14500,'SMT701',1,2,20,1,1,'2024-03-03 07:08:30',NULL,'2024-03-03 07:08:30'),(529,'17','SLIM','QK SHIRT MT701 - S 17',0,14500,'SMT701',1,2,20,1,1,'2024-03-03 09:54:27',NULL,'2024-03-03 09:54:27'),(530,'17.5','SLIM','QK SHIRT MT701 - S 17.5',0,14500,'SMT701',1,2,20,1,1,'2024-03-03 09:55:10',NULL,'2024-03-03 09:55:10'),(531,'14.5','REGULAR','QK SHIRT MT706 - R 14.5',0,14500,'SMT706',1,2,20,1,1,'2024-03-03 09:55:52',NULL,'2024-03-03 09:55:52'),(532,'15','REGULAR','QK SHIRT MT706 - R 15',0,14500,'SMT706',1,2,20,1,1,'2024-03-03 09:56:30',NULL,'2024-03-03 09:56:30'),(533,'15.5','REGULAR','QK SHIRT MT706 - R 15.5',0,14500,'SMT706',1,2,20,1,1,'2024-03-03 09:57:18',NULL,'2024-03-03 09:57:18'),(534,'16','REGULAR','QK SHIRT MT706 - R 16',0,14500,'SMT706',1,2,20,1,1,'2024-03-03 09:57:53',NULL,'2024-03-03 09:57:53'),(535,'16.5','REGULAR','QK SHIRT MT706 - R 16.5',0,14500,'SMT706',1,2,20,1,1,'2024-03-03 09:58:41',NULL,'2024-03-03 09:58:41'),(536,'17','REGULAR','QK SHIRT MT706 - R 17',0,14500,'SMT706',1,2,20,1,1,'2024-03-03 09:59:29',NULL,'2024-03-03 09:59:29'),(537,'15','SLIM','QK SHIRT MT706 - S 15',0,14500,'SMT706',1,2,20,1,1,'2024-03-03 10:04:20',NULL,'2024-03-03 10:04:20'),(538,'15.5','SLIM','QK SHIRT MT706 - S 15.5',0,14500,'SMT706',1,2,20,1,1,'2024-03-03 10:04:59',NULL,'2024-03-03 10:04:59'),(539,'16','SLIM','QK SHIRT MT706 - S 16',0,14500,'SMT706',1,2,20,1,1,'2024-03-03 10:05:35',NULL,'2024-03-03 10:05:35'),(540,'16.5','SLIM','QK SHIRT MT706 - S 16.5',0,14500,'SMT706',1,2,20,1,1,'2024-03-03 10:06:57',NULL,'2024-03-03 10:06:57'),(541,'17','SLIM','QK SHIRT MT706 - S 17',0,14500,'SMT706',1,2,20,1,1,'2024-03-03 10:07:45',NULL,'2024-03-03 10:07:45'),(542,'17.5','SLIM','QK SHIRT MT706 - S 17.5',0,14500,'SMT706',1,2,20,1,1,'2024-03-03 10:08:25',NULL,'2024-03-03 10:08:25'),(543,'14.5','REGULAR','QK SHIRT MT707 - R 14.5',0,14500,'SMT707',1,2,20,1,1,'2024-03-03 10:09:11',NULL,'2024-03-03 10:09:11'),(544,'15','REGULAR','QK SHIRT MT707 - R 15',0,14500,'SMT707',1,2,20,1,1,'2024-03-03 10:10:26',NULL,'2024-03-03 10:10:26'),(545,'15.5','REGULAR','QK SHIRT MT707 - R 15.5',0,14500,'SMT707',1,2,20,1,1,'2024-03-03 10:10:59',NULL,'2024-03-03 10:10:59'),(546,'16','REGULAR','QK SHIRT MT707 - R 16',0,14500,'SMT707',1,2,20,1,1,'2024-03-03 10:15:43',NULL,'2024-03-03 10:15:43'),(547,'16.5','REGULAR','QK SHIRT MT707 - R 16.5',0,14500,'SMT707',1,2,20,1,1,'2024-03-03 10:17:05',NULL,'2024-03-03 10:17:05'),(548,'17','REGULAR','QK SHIRT MT707 - R 17',0,14500,'SMT707',1,2,20,1,1,'2024-03-03 10:17:42',NULL,'2024-03-03 10:17:42'),(549,'17.5','REGULAR','QK SHIRT MT707 - R 17.5',0,14500,'SMT707',1,2,20,1,1,'2024-03-03 10:18:33',NULL,'2024-03-03 10:18:33'),(550,'14.5','SLIM','QK SHIRT MT707 - S 14.5',0,14500,'SMT707',1,2,20,1,1,'2024-03-03 10:19:18',NULL,'2024-03-03 10:19:18'),(551,'15','SLIM','QK SHIRT MT707 - S 15',0,14500,'SMT707',1,2,20,1,1,'2024-03-03 10:20:25',NULL,'2024-03-03 10:20:25'),(552,'15.5','SLIM','QK SHIRT MT707 - S 15.5',0,14500,'SMT707',1,2,20,1,1,'2024-03-03 10:21:10',NULL,'2024-03-03 10:21:10'),(553,'16','SLIM','QK SHIRT MT707 - S 16',0,14500,'SMT707',1,2,20,1,1,'2024-03-03 10:21:45',NULL,'2024-03-03 10:21:45'),(554,'17','SLIM','QK SHIRT MT707 - S 17',0,14500,'SMT707',1,2,20,1,1,'2024-03-03 10:22:25',NULL,'2024-03-03 10:22:25'),(555,'14.5','REGULAR','QK SHIRT MT708 - R 14.5',0,14500,'SMT708',1,2,20,1,1,'2024-03-03 10:22:58',NULL,'2024-03-03 10:22:58'),(556,'15','REGULAR','QK SHIRT MT708 - R 15',0,14500,'SMT708',1,2,20,1,1,'2024-03-03 10:23:33',NULL,'2024-03-03 10:23:33'),(557,'15.5','REGULAR','QK SHIRT MT708 - R 15.5',0,14500,'SMT708',1,2,20,1,1,'2024-03-03 10:24:07',NULL,'2024-03-03 10:24:07'),(558,'16.5','REGULAR','QK SHIRT MT708 - R 16.5',0,14500,'SMT708',1,2,20,1,1,'2024-03-03 10:25:02',NULL,'2024-03-03 10:25:02'),(559,'17','REGULAR','QK SHIRT MT708 - R 17',0,14500,'SMT708',1,2,20,1,1,'2024-03-03 10:26:59',NULL,'2024-03-03 10:26:59'),(560,'17.5','REGULAR','QK SHIRT MT708 - R 17.5',0,14500,'SMT708',1,2,20,1,1,'2024-03-03 10:27:29',NULL,'2024-03-03 10:27:29'),(561,'15','SLIM','QK SHIRT MT708 - S 15',0,14500,'SMT708',1,2,20,1,1,'2024-03-03 10:28:27',NULL,'2024-03-03 10:28:27'),(562,'15.5','SLIM','QK SHIRT MT708 - S 15.5',0,14500,'SMT708',1,2,20,1,1,'2024-03-03 10:28:56',NULL,'2024-03-03 10:28:56'),(563,'16','SLIM','QK SHIRT MT708 - S 16',0,14500,'SMT708',1,2,20,1,1,'2024-03-03 10:31:50',NULL,'2024-03-03 10:31:50'),(564,'16.5','SLIM','QK SHIRT MT708 - S 16.5',0,14500,'SMT708',1,2,20,1,1,'2024-03-03 10:32:47',NULL,'2024-03-03 10:32:47'),(565,'17','SLIM','QK SHIRT MT708 - S 17',0,14500,'SMT708',1,2,20,1,1,'2024-03-03 10:33:22',NULL,'2024-03-03 10:33:22'),(566,'17.5','SLIM','QK SHIRT MT708 - S 17.5',0,14500,'SMT708',1,2,20,1,1,'2024-03-03 10:34:09',NULL,'2024-03-03 10:34:09'),(567,'14.5','REGULAR','QK SHIRT MT716 - R 14.5',0,14500,'SMT716',1,2,20,1,1,'2024-03-03 10:36:00',NULL,'2024-03-03 10:36:00'),(568,'15','REGULAR','QK SHIRT MT716 - R 15',0,14500,'SMT716',1,2,20,1,1,'2024-03-03 10:36:33',NULL,'2024-03-03 10:36:33'),(569,'15.5','REGULAR','QK SHIRT MT716 - R 15.5',0,14500,'SMT716',1,2,20,1,1,'2024-03-03 10:37:25',NULL,'2024-03-03 10:37:25'),(570,'16','REGULAR','QK SHIRT MT716 - R 16',0,14500,'SMT716',1,2,20,1,1,'2024-03-03 10:38:12',NULL,'2024-03-03 10:38:12'),(571,'16.5','REGULAR','QK SHIRT MT716 - R 16.5',0,14500,'SMT716',1,2,20,1,1,'2024-03-03 10:38:44',NULL,'2024-03-03 10:38:44'),(572,'17','REGULAR','QK SHIRT MT716 - R 17',0,14500,'SMT716',1,2,20,1,1,'2024-03-03 10:39:44',NULL,'2024-03-03 10:39:44'),(573,'17.5','REGULAR','QK SHIRT MT716 - R 17.5',0,14500,'SMT716',1,2,20,1,1,'2024-03-03 10:40:22',NULL,'2024-03-03 10:40:22'),(574,'14.5','SLIM','QK SHIRT MT716 - S 14.5',0,14500,'SMT716',1,2,20,1,1,'2024-03-03 10:41:02',NULL,'2024-03-03 10:41:02'),(575,'15','SLIM','QK SHIRT MT716 - S 15',0,14500,'SMT716',1,2,20,1,1,'2024-03-03 10:41:42',NULL,'2024-03-03 10:41:42'),(576,'15.5','SLIM','QK SHIRT MT716 - S 15.5',0,14500,'SMT716',1,2,20,1,1,'2024-03-03 10:42:27',NULL,'2024-03-03 10:42:27'),(577,'16','SLIM','QK SHIRT MT716 - S 16',0,14500,'SMT716',1,2,20,1,1,'2024-03-03 10:43:10',NULL,'2024-03-03 10:43:10'),(578,'16.5','SLIM','QK SHIRT MT716 - S 16.5',0,14500,'SMT716',1,2,20,1,1,'2024-03-03 10:44:18',NULL,'2024-03-03 10:44:18'),(579,'17','SLIM','QK SHIRT MT716 - S 17',0,14500,'SMT716',1,2,20,1,1,'2024-03-03 10:44:53',NULL,'2024-03-03 10:44:53'),(580,'17.5','SLIM','QK SHIRT MT716 - S 17.5',0,14500,'SMT716',1,2,20,1,1,'2024-03-03 10:53:31',NULL,'2024-03-03 10:53:31'),(581,'14.5','REGULAR','QK SHIRT MT813 - R 14.5',0,14500,'SMT813',1,2,20,1,1,'2024-03-03 10:59:20',NULL,'2024-03-03 10:59:20'),(582,'15','REGULAR','QK SHIRT MT813 - R 15',0,14500,'SMT813',1,2,20,1,1,'2024-03-03 11:00:06',NULL,'2024-03-03 11:00:06'),(583,'15.5','REGULAR','QK SHIRT MT813 - R 15.5',0,14500,'SMT813',1,2,20,1,1,'2024-03-03 11:00:49',NULL,'2024-03-03 11:00:49'),(584,'16','REGULAR','QK SHIRT MT813 - R 16',0,14500,'SMT813',1,2,20,1,1,'2024-03-03 11:03:37',NULL,'2024-03-03 11:03:37'),(585,'16.5','REGULAR','QK SHIRT MT813 - R 16.5',0,14500,'SMT813',1,2,20,1,1,'2024-03-03 11:04:12',NULL,'2024-03-03 11:04:12'),(586,'17.5','REGULAR','QK SHIRT MT813 - R 17.5',0,14500,'SMT813',1,2,20,1,1,'2024-03-03 11:05:31',NULL,'2024-03-03 11:05:31'),(587,'14.5','SLIM','QK SHIRT MT813 - S 14.5',0,14500,'SMT813',1,2,20,1,1,'2024-03-03 11:06:18',NULL,'2024-03-03 11:06:18'),(588,'15','SLIM','QK SHIRT MT813 - S 15',0,14500,'SMT813',1,2,20,1,1,'2024-03-03 11:09:13',NULL,'2024-03-03 11:09:13'),(589,'15.5','SLIM','QK SHIRT MT813 - S 15.5',0,14500,'SMT813',1,2,20,1,1,'2024-03-03 11:15:21',NULL,'2024-03-03 11:15:21'),(590,'16','SLIM','QK SHIRT MT813 - S 16',0,14500,'SMT813',1,2,20,1,1,'2024-03-03 11:16:03',NULL,'2024-03-03 11:16:03'),(591,'16.5','SLIM','QK SHIRT MT813 - S 16.5',0,14500,'SMT813',1,2,20,1,1,'2024-03-03 11:16:41',NULL,'2024-03-03 11:16:41'),(592,'17','SLIM','QK SHIRT MT813 - S 17',0,14500,'SMT813',1,2,20,1,1,'2024-03-03 11:17:33',NULL,'2024-03-03 11:17:33'),(593,'17.5','SLIM','QK SHIRT MT813 - S 17.5',0,14500,'SMT813',1,2,20,1,1,'2024-03-03 11:18:05',NULL,'2024-03-03 11:18:05'),(594,'14.5','REGULAR','QK SHIRT MT815 - R 14.5',0,14500,'SMT815',1,2,20,1,1,'2024-03-03 11:40:41',NULL,'2024-03-03 11:40:41'),(595,'15','REGULAR','QK SHIRT MT815 - R 15',0,14500,'SMT815',1,2,20,1,1,'2024-03-03 11:41:14',NULL,'2024-03-03 11:41:14'),(596,'15.5','REGULAR','QK SHIRT MT815 - R 15.5',0,14500,'SMT815',1,2,20,1,1,'2024-03-03 11:41:52',NULL,'2024-03-03 11:41:52'),(597,'16','REGULAR','QK SHIRT MT815 - R 16',0,14500,'SMT815',1,2,20,1,1,'2024-03-03 11:42:37',NULL,'2024-03-03 11:42:37'),(598,'16.5','REGULAR','QK SHIRT MT815 - R 16.5',0,14500,'SMT815',1,2,20,1,1,'2024-03-03 11:43:08',NULL,'2024-03-03 11:43:08'),(599,'17','REGULAR','QK SHIRT MT815 - R 17',0,14500,'SMT815',1,2,20,1,1,'2024-03-03 11:43:34',NULL,'2024-03-03 11:43:34'),(600,'17.5','REGULAR','QK SHIRT MT815 - R 17.5',0,14500,'SMT815',1,2,20,1,1,'2024-03-03 11:44:21',NULL,'2024-03-03 11:44:21'),(601,'14.5','SLIM','QK SHIRT MT815 - S 14.5',0,14500,'SMT815',1,2,20,1,1,'2024-03-03 11:45:01',NULL,'2024-03-03 11:45:01'),(602,'15','SLIM','QK SHIRT MT815 - S 15',0,14500,'SMT815',1,2,20,1,1,'2024-03-03 12:05:25',NULL,'2024-03-03 12:05:25'),(603,'15.5','SLIM','QK SHIRT MT815 - S 15.5',0,14500,'SMT815',1,2,20,1,1,'2024-03-03 12:06:02',NULL,'2024-03-03 12:06:02'),(604,'16','SLIM','QK SHIRT MT815 - S 16',0,14500,'SMT815',1,2,20,1,1,'2024-03-03 12:06:37',NULL,'2024-03-03 12:06:37'),(605,'16.5','SLIM','QK SHIRT MT815 - S 16.5',0,14500,'SMT815',1,2,20,1,1,'2024-03-03 12:08:16',NULL,'2024-03-03 12:08:16'),(606,'17','SLIM','QK SHIRT MT815 - S 17',0,14500,'SMT815',1,2,20,1,1,'2024-03-03 12:08:50',NULL,'2024-03-03 12:08:50'),(607,'17.5','SLIM','QK SHIRT MT815 - S 17.5',0,14500,'SMT815',1,2,20,1,1,'2024-03-03 12:09:39',NULL,'2024-03-03 12:09:39'),(608,'14.5','SLIM','QK SHIRT 3F-11 - S 14.5',0,11500,'SH3F-11',1,2,20,1,1,'2024-03-03 12:12:24',NULL,'2024-03-03 12:12:24'),(609,'15','SLIM','QK SHIRT 3F-11 - S 15',0,11500,'SH3F-11',1,2,20,1,1,'2024-03-03 12:13:19',NULL,'2024-03-03 12:13:19'),(610,'15.5','SLIM','QK SHIRT 3F-11 - S 15.5',0,11500,'SH3F-11',1,2,20,1,1,'2024-03-03 12:14:20',NULL,'2024-03-03 12:14:20'),(611,'16','SLIM','QK SHIRT 3F-11 - S 16',0,11500,'SH3F-11',1,2,20,1,1,'2024-03-03 12:14:56',NULL,'2024-03-03 12:14:56'),(612,'16.5','SLIM','QK SHIRT 3F-11 - S 16.5',0,11500,'SH3F-11',1,2,20,1,1,'2024-03-03 12:15:29',NULL,'2024-03-03 12:15:29'),(613,'17','SLIM','QK SHIRT 3F-11 - S 17',0,11500,'SH3F-11',1,2,20,1,1,'2024-03-03 12:19:55',NULL,'2024-03-03 12:19:55'),(614,'17.5','SLIM','QK SHIRT 3F-11 - S 17.5',0,11500,'SH3F-11',1,2,20,1,1,'2024-03-03 12:21:09',NULL,'2024-03-03 12:21:09'),(615,'14.5','SLIM','QK SHIRT 3F-01 - S 14.5',0,14500,'SH3F-01',1,2,20,1,1,'2024-03-03 12:22:10',NULL,'2024-03-03 12:22:10'),(616,'16','SLIM','QK SHIRT 3F-01 - S 16',0,11500,'SH3F-01',1,2,20,1,1,'2024-03-03 12:22:49',NULL,'2024-03-03 12:22:49'),(617,'16.5','SLIM','QK SHIRT 3F-01 - S 16.5',0,11500,'SH3F-01',1,2,20,1,1,'2024-03-03 12:23:36',NULL,'2024-03-03 12:23:36'),(618,'17','SLIM','QK SHIRT 3F-01 - S 17',0,11500,'SH3F-01',1,2,20,1,1,'2024-03-03 12:24:15',NULL,'2024-03-03 12:24:15'),(619,'17.5','SLIM','QK SHIRT 3F-01 - S 17.5',0,11500,'SH3F-01',1,2,20,1,1,'2024-03-03 12:25:15',NULL,'2024-03-03 12:25:15'),(620,'39','BROWN','QK SLIPPERS - QK0502/9001 - 39 - BR',0,9030,'QK0502-39',1,2,31,1,1,'2024-03-04 07:34:50',3,'2024-04-07 09:37:59'),(621,'40','BROWN','QK SLIPPERS - QK0502/9001 - 40 - BR',0,12900,'QK0502-40',1,2,31,1,1,'2024-03-04 07:35:31',NULL,'2024-03-04 07:35:31'),(622,'41','BROWN','QK SLIPPERS - QK0502/9001 - 41 - BR',0,9030,'QK0502-41',1,2,31,1,1,'2024-03-04 07:37:25',3,'2024-04-07 09:46:52'),(623,'42','BROWN','QK SLIPPERS - QK0502/9001 - 42 - BR',0,12900,'QK0502-42',1,2,31,1,1,'2024-03-04 07:38:12',NULL,'2024-03-04 07:38:12'),(624,'43','BROWN','QK SLIPPERS - QK0502/9001 - 43 - BR',0,12900,'QK0502-43',1,2,31,1,1,'2024-03-04 07:39:03',NULL,'2024-03-04 07:39:03'),(625,'44','BROWN','QK SLIPPERS - QK0502/9001 - 44 - BR',0,12900,'QK0502-44',1,2,31,1,1,'2024-03-04 07:39:56',NULL,'2024-03-04 07:39:56'),(626,'39','BROWN','QK SLIPPERS - QK0503/9005 - 39 - BR',0,12900,'QK0503-39',1,2,31,1,1,'2024-03-04 07:41:58',NULL,'2024-03-04 07:41:58'),(627,'40','BROWN','QK SLIPPERS - QK0503/9005 - 40 - BR',0,12900,'QK0503-40',1,2,31,1,1,'2024-03-04 07:43:51',NULL,'2024-03-04 07:43:51'),(628,'41','BROWN','QK SLIPPERS - QK0503/9005 - 41 - BR',0,12900,'QK0503-41',1,2,31,1,1,'2024-03-04 07:54:49',NULL,'2024-03-04 07:54:49'),(629,'42','BROWN','QK SLIPPERS - QK0503/9005 - 42 - BR',0,12900,'QK0503-42',1,2,31,1,1,'2024-03-04 07:56:54',NULL,'2024-03-04 07:56:54'),(630,'43','BROWN','QK SLIPPERS - QK0503/9005 - 43 - BR',0,12900,'QK0503-43',1,2,31,1,1,'2024-03-04 07:58:02',NULL,'2024-03-04 07:58:02'),(631,'44','BROWN','QK SLIPPERS - QK0503/9005 - 44 - BR',0,12900,'QK0503-44',1,2,31,1,1,'2024-03-04 07:58:45',NULL,'2024-03-04 07:58:45'),(632,'39','BLACK','QK SLIPPERS - QK0504/9005 - 39 - BL',0,12900,'QK0504-39',1,2,31,1,1,'2024-03-04 07:59:22',NULL,'2024-03-04 07:59:22'),(633,'40','BLACK','QK SLIPPERS - QK0504/9005 - 40 - BL',0,12900,'QK0504-40',1,2,31,1,1,'2024-03-04 07:59:53',NULL,'2024-03-04 07:59:53'),(634,'41','BLACK','QK SLIPPERS - QK0504/9005 - 41 - BL',0,12900,'QK0504-41',1,2,31,1,1,'2024-03-04 08:00:54',NULL,'2024-03-04 08:00:54'),(635,'42','BLACK','QK SLIPPERS - QK0504/9005 - 42 - BL',0,9030,'QK0504-42',1,2,31,1,1,'2024-03-04 08:01:27',3,'2024-03-30 13:55:16'),(636,'43','BLACK','QK SLIPPERS - QK0504/9005 - 43 - BL',0,12900,'QK0504-43',1,2,31,1,1,'2024-03-04 08:03:09',NULL,'2024-03-04 08:03:09'),(637,'44','BLACK','QK SLIPPERS - QK0504/9005 - 44 - BL',0,12900,'QK0504-44',1,2,31,1,1,'2024-03-04 08:03:47',NULL,'2024-03-04 08:03:47'),(638,'14.5','SLIM','QK SHIRT 3F-03 - S 14.5',0,11500,'SH3F-03',1,2,20,1,1,'2024-03-04 08:55:47',1,'2024-03-04 09:07:38'),(639,'15','SLIM','QK SHIRT 3F-03 - S 15',0,11500,'SH3F-03',1,2,20,1,1,'2024-03-04 09:05:48',1,'2024-03-04 09:07:51'),(640,'15.5','SLIM','QK SHIRT 3F-03 - S 15.5',0,11500,'SH3F-03',1,2,20,1,1,'2024-03-04 09:06:52',NULL,'2024-03-04 09:06:52'),(641,'16','SLIM','QK SHIRT 3F-03 - S 16',0,11500,'SH3F-03',1,2,20,1,1,'2024-03-04 09:10:58',NULL,'2024-03-04 09:10:58'),(642,'16.5','SLIM','QK SHIRT 3F-03 - S 16.5',0,11500,'SH3F-03',1,2,20,1,1,'2024-03-04 09:12:04',NULL,'2024-03-04 09:12:04'),(643,'17.5','SLIM','QK SHIRT 3F-03 - S 17.5',0,11500,'SH3F-03',1,2,20,1,1,'2024-03-04 09:12:37',NULL,'2024-03-04 09:12:37'),(644,'14.5','SLIM','QK SHIRT 3F-05 - S 14.5',0,11500,'SH3F-05',1,2,20,1,1,'2024-03-04 09:13:17',NULL,'2024-03-04 09:13:17'),(645,'15','SLIM','QK SHIRT 3F-05 - S 15',0,11500,'SH3F-05',1,2,20,1,1,'2024-03-04 09:14:19',NULL,'2024-03-04 09:14:19'),(646,'15.5','SLIM','QK SHIRT 3F-05 - S 15.5',0,11500,'SH3F-05',1,2,20,1,1,'2024-03-04 09:14:52',NULL,'2024-03-04 09:14:52'),(647,'16.5','SLIM','QK SHIRT 3F-05 - S 16.5',0,11500,'SH3F-05',1,2,20,1,1,'2024-03-04 09:16:17',NULL,'2024-03-04 09:16:17'),(648,'17','SLIM','QK SHIRT 3F-05 - S 17',0,11500,'SH3F-05',1,2,20,1,1,'2024-03-04 09:17:04',NULL,'2024-03-04 09:17:04'),(649,'17.5','SLIM','QK SHIRT 3F-05 - S 17.5',0,11500,'SH3F-05',1,2,20,1,1,'2024-03-04 09:17:40',NULL,'2024-03-04 09:17:40'),(650,'14.5','REGULAR','QK SHIRT SG-01 - R 14.5',0,8750,'SHSG-01',1,2,20,1,1,'2024-03-04 09:18:21',NULL,'2024-03-04 09:18:21'),(651,'15','REGULAR','QK SHIRT SG-01 - R 15',0,8750,'SHSG-01',1,2,20,1,1,'2024-03-04 09:18:57',NULL,'2024-03-04 09:18:57'),(652,'15.5','REGULAR','QK SHIRT SG-01 - R 15.5',0,8750,'SHSG-01',1,2,20,1,1,'2024-03-04 09:19:31',NULL,'2024-03-04 09:19:31'),(653,'16','REGULAR','QK SHIRT SG-01 - R 16',0,8750,'SHSG-01',1,2,20,1,1,'2024-03-04 09:20:07',NULL,'2024-03-04 09:20:07'),(654,'16.5','REGULAR','QK SHIRT SG-01 - R 16.5',0,8750,'SHSG-01',1,2,20,1,1,'2024-03-04 09:20:39',NULL,'2024-03-04 09:20:39'),(655,'17','REGULAR','QK SHIRT SG-01 - R 17',0,8750,'SHSG-01',1,2,20,1,1,'2024-03-04 09:21:04',NULL,'2024-03-04 09:21:04'),(656,'17.5','REGULAR','QK SHIRT SG-01 - R 17.5',0,8750,'SHSG-01',1,2,20,1,1,'2024-03-04 09:21:46',NULL,'2024-03-04 09:21:46'),(657,'14.5','SLIM','QK SHIRT SG-01 - S 14.5',0,8750,'SHSG-01',1,2,20,1,1,'2024-03-04 09:22:20',NULL,'2024-03-04 09:22:20'),(658,'15','SLIM','QK SHIRT SG-01 - S 15',0,8750,'SHSG-01',1,2,20,1,1,'2024-03-04 09:23:05',NULL,'2024-03-04 09:23:05'),(659,'15.5','SLIM','QK SHIRT SG-01 - S 15.5',0,8750,'SHSG-01',1,2,20,1,1,'2024-03-04 09:23:51',NULL,'2024-03-04 09:23:51'),(660,'16','SLIM','QK SHIRT SG-01 - S 16',0,8750,'SHSG-01',1,2,20,1,1,'2024-03-04 09:24:21',NULL,'2024-03-04 09:24:21'),(661,'16.5','SLIM','QK SHIRT SG-01 - S 16.5',0,8750,'SHSG-01',1,2,20,1,1,'2024-03-04 09:28:04',NULL,'2024-03-04 09:28:04'),(662,'17','SLIM','QK SHIRT SG-01 - S 17',0,8750,'SHSG-01',1,2,20,1,1,'2024-03-04 09:28:45',NULL,'2024-03-04 09:28:45'),(663,'17.5','SLIM','QK SHIRT SG-01 - S 17.5',0,8750,'SHSG-01',1,2,20,1,1,'2024-03-04 09:29:21',NULL,'2024-03-04 09:29:21'),(664,'14.5','REGULAR','QK SHIRT SG-02 - R 14.5',0,8750,'SHSG-02',1,2,20,1,1,'2024-03-04 09:30:08',NULL,'2024-03-04 09:30:08'),(665,'15.5','REGULAR','QK SHIRT SG-02 - R 15.5',0,8750,'SHSG-02',1,2,20,1,1,'2024-03-04 09:30:51',1,'2024-03-04 09:39:16'),(666,'16','REGULAR','QK SHIRT SG-02 - R 16',0,8750,'SHSG-02',1,2,20,1,1,'2024-03-04 09:33:18',1,'2024-03-04 09:38:56'),(667,'16.5','REGULAR','QK SHIRT SG-02 - R 16.5',0,8750,'SHSG-02',1,2,20,1,1,'2024-03-04 09:33:57',1,'2024-03-04 09:38:39'),(668,'17','REGULAR','QK SHIRT SG-02 - R 17',0,8750,'SHSG-02',1,2,20,1,1,'2024-03-04 09:34:45',NULL,'2024-03-04 09:34:45'),(669,'14.5','SLIM','QK SHIRT SG-02 - S 14.5',0,8750,'SHSG-02',1,2,20,1,1,'2024-03-04 09:40:18',NULL,'2024-03-04 09:40:18'),(670,'15','SLIM','QK SHIRT SG-02 - S 15',0,8750,'SHSG-02',1,2,20,1,1,'2024-03-04 09:41:38',NULL,'2024-03-04 09:41:38'),(671,'15.5','SLIM','QK SHIRT SG-02 - S 15.5',0,8750,'SHSG-02',1,2,20,1,1,'2024-03-04 09:42:24',NULL,'2024-03-04 09:42:24'),(672,'16','SLIM','QK SHIRT SG-02 - S 16',0,8750,'SHSG-02',1,2,20,1,1,'2024-03-04 09:43:24',NULL,'2024-03-04 09:43:24'),(673,'16.5','SLIM','QK SHIRT SG-02 - S 16.5',0,8750,'SHSG-02',1,2,20,1,1,'2024-03-04 09:43:58',NULL,'2024-03-04 09:43:58'),(674,'17','SLIM','QK SHIRT SG-02 - S 17',0,8750,'SHSG-02',1,2,20,1,1,'2024-03-04 09:44:32',NULL,'2024-03-04 09:44:32'),(675,'17.5','SLIM','QK SHIRT SG-02 - S 17.5',0,8750,'SHSG-02',1,2,20,1,1,'2024-03-04 09:45:47',NULL,'2024-03-04 09:45:47'),(676,'14.5','REGULAR','QK SHIRT SG-03 - R 14.5',0,8750,'SHSG-03',1,2,20,1,1,'2024-03-04 09:47:18',NULL,'2024-03-04 09:47:18'),(677,'15','REGULAR','QK SHIRT SG-03 - R 15',0,8750,'SHSG-03',1,2,20,1,1,'2024-03-04 09:48:36',NULL,'2024-03-04 09:48:36'),(678,'15.5','REGULAR','QK SHIRT SG-03 - R 15.5',0,8750,'SHSG-03',1,2,20,1,1,'2024-03-04 09:49:12',NULL,'2024-03-04 09:49:12'),(679,'16','REGULAR','QK SHIRT SG-03 - R 16',0,8750,'SHSG-03',1,2,20,1,1,'2024-03-04 09:50:17',NULL,'2024-03-04 09:50:17'),(680,'16.5','REGULAR','QK SHIRT SG-03 - R 16.5',0,8750,'SHSG-03',1,2,20,1,1,'2024-03-04 09:50:57',NULL,'2024-03-04 09:50:57'),(681,'17','REGULAR','QK SHIRT SG-03 - R 17',0,8750,'SHSG-03',1,2,20,1,1,'2024-03-04 09:51:31',NULL,'2024-03-04 09:51:31'),(682,'14.5','SLIM','QK SHIRT SG-03 - S 14.5',0,8750,'SHSG-03',1,2,20,1,1,'2024-03-04 09:52:05',NULL,'2024-03-04 09:52:05'),(683,'15','SLIM','QK SHIRT SG-03 - S 15',0,8750,'SHSG-03',1,2,20,1,1,'2024-03-04 09:53:06',NULL,'2024-03-04 09:53:06'),(684,'15.5','SLIM','QK SHIRT SG-03 - S 15.5',0,8750,'SHSG-03',1,2,20,1,1,'2024-03-04 09:53:40',NULL,'2024-03-04 09:53:40'),(685,'16','SLIM','QK SHIRT SG-03 - S 16',0,8750,'SHSG-03',1,2,20,1,1,'2024-03-04 09:54:26',NULL,'2024-03-04 09:54:26'),(686,'16.5','SLIM','QK SHIRT SG-03 - S 16.5',0,8750,'SHSG-02',1,2,20,1,1,'2024-03-04 09:56:04',NULL,'2024-03-04 09:56:04'),(687,'17','SLIM','QK SHIRT SG-03 - S 17',0,8750,'SHSG-03',1,2,20,1,1,'2024-03-04 09:56:49',NULL,'2024-03-04 09:56:49'),(688,'17.5','SLIM','QK SHIRT SG-03 - S 17.5',0,8750,'SHSG-03',1,2,20,1,1,'2024-03-04 09:57:23',NULL,'2024-03-04 09:57:23'),(689,'14.5','REGULAR','QK SHIRT SG-05 - R 14.5',0,8750,'SHSG-05',1,2,20,1,1,'2024-03-04 09:58:10',NULL,'2024-03-04 09:58:10'),(690,'15.5','REGULAR','QK SHIRT SG-05 - R 15.5',0,8750,'SHSG-05',1,2,20,1,1,'2024-03-04 09:59:41',NULL,'2024-03-04 09:59:41'),(691,'16','REGULAR','QK SHIRT SG-05 - R 16',0,8750,'SHSG-05',1,2,20,1,1,'2024-03-04 10:00:11',NULL,'2024-03-04 10:00:11'),(692,'16.5','REGULAR','QK SHIRT SG-05 - R 16.5',0,8750,'SHSG-05',1,2,20,1,1,'2024-03-04 10:00:42',NULL,'2024-03-04 10:00:42'),(693,'17','REGULAR','QK SHIRT SG-05 - R 17',0,8750,'SHSG-05',1,2,20,1,1,'2024-03-04 10:01:24',NULL,'2024-03-04 10:01:24'),(694,'17.5','REGULAR','QK SHIRT SG-05 - R 17.5',0,8750,'SHSG-05',1,2,20,1,1,'2024-03-04 10:02:25',NULL,'2024-03-04 10:02:25'),(695,'14.5','SLIM','QK SHIRT SG-05 - S 14.5',0,8750,'SHSG-05',1,2,20,1,1,'2024-03-04 10:03:03',NULL,'2024-03-04 10:03:03'),(696,'15.5','SLIM','QK SHIRT SG-05 - S 15.5',0,8750,'SHSG-05',1,2,20,1,1,'2024-03-04 10:04:22',NULL,'2024-03-04 10:04:22'),(697,'16','SLIM','QK SHIRT SG-05 - S 16',0,8750,'SHSG-05',1,2,20,1,1,'2024-03-04 10:05:01',NULL,'2024-03-04 10:05:01'),(698,'16.5','SLIM','QK SHIRT SG-05 - S 16.5',0,8750,'SHSG-05',1,2,20,1,1,'2024-03-04 10:05:32',NULL,'2024-03-04 10:05:32'),(699,'17','SLIM','QK SHIRT SG-05 - S 17',0,8750,'SHSG-05',1,2,20,1,1,'2024-03-04 10:06:15',NULL,'2024-03-04 10:06:15'),(700,'17.5','SLIM','QK SHIRT SG-05 - S 17.5',0,8750,'SHSG-02',1,2,20,1,1,'2024-03-04 10:07:10',NULL,'2024-03-04 10:07:10'),(701,'14.5','REGULAR','QK SHIRT ZT-70-06 - R 14.5',0,12900,'SZT70-06',1,2,20,1,1,'2024-03-04 10:07:48',NULL,'2024-03-04 10:07:48'),(702,'15','REGULAR','QK SHIRT ZT-70-06 - R 15',0,12900,'SZT70-06',1,2,20,1,1,'2024-03-04 10:09:01',NULL,'2024-03-04 10:09:01'),(703,'15.5','REGULAR','QK SHIRT ZT-70-06 - R 15.5',0,12900,'SZT70-06',1,2,20,1,1,'2024-03-04 10:09:56',NULL,'2024-03-04 10:09:56'),(704,'16.5','REGULAR','QK SHIRT ZT-70-06 - R 16.5',0,12900,'SZT70-06',1,2,20,1,1,'2024-03-04 10:11:35',NULL,'2024-03-04 10:11:35'),(705,'17','REGULAR','QK SHIRT ZT-70-06 - R 17',0,12900,'SZT70-06',1,2,20,1,1,'2024-03-04 10:12:07',NULL,'2024-03-04 10:12:07'),(706,'17.5','REGULAR','QK SHIRT ZT-70-06 - R 17.5',0,12900,'SZT70-06',1,2,20,1,1,'2024-03-04 10:12:56',NULL,'2024-03-04 10:12:56'),(707,'14.5','SLIM','QK SHIRT ZT-70-06 - S 14.5',0,12900,'SZT70-06',1,2,20,1,1,'2024-03-04 10:14:00',NULL,'2024-03-04 10:14:00'),(708,'15','SLIM','QK SHIRT ZT-70-06 - S 15',0,12900,'SZT70-06',1,2,20,1,1,'2024-03-04 10:15:15',NULL,'2024-03-04 10:15:15'),(709,'15.5','SLIM','QK SHIRT ZT-70-06 - S 15.5',0,12900,'SZT70-06',1,2,20,1,1,'2024-03-04 10:16:25',NULL,'2024-03-04 10:16:25'),(710,'16.5','SLIM','QK SHIRT ZT-70-06 - S 16.5',0,12900,'SZT70-06',1,2,20,1,1,'2024-03-04 10:16:59',NULL,'2024-03-04 10:16:59'),(711,'17','SLIM','QK SHIRT ZT-70-06 - S 17',0,12900,'SZT70-06',1,2,20,1,1,'2024-03-04 10:17:37',NULL,'2024-03-04 10:17:37'),(712,'17.5','SLIM','QK SHIRT ZT-70-06 - S 17.5',0,12900,'SZT70-06',1,2,20,1,1,'2024-03-04 10:18:15',NULL,'2024-03-04 10:18:15'),(713,'14.5','REGULAR','QK SHIRT ZT-70-07 - R 14.5',0,12900,'SZT70-07',1,2,20,1,1,'2024-03-04 10:19:05',NULL,'2024-03-04 10:19:05'),(714,'15','REGULAR','QK SHIRT ZT-70-07 - R 15',0,12900,'SZT70-07',1,2,20,1,1,'2024-03-04 10:19:41',NULL,'2024-03-04 10:19:41'),(715,'15.5','REGULAR','QK SHIRT ZT-70-07 - R 15.5',0,12900,'SZT70-07',1,2,20,1,1,'2024-03-04 10:20:27',NULL,'2024-03-04 10:20:27'),(716,'17','REGULAR','QK SHIRT ZT-70-07 - R 17',0,12900,'SZT70-07',1,2,20,1,1,'2024-03-04 10:21:19',NULL,'2024-03-04 10:21:19'),(717,'17.5','REGULAR','QK SHIRT ZT-70-07 - R 17.5',0,12900,'SZT70-07',1,2,20,1,1,'2024-03-04 10:22:03',NULL,'2024-03-04 10:22:03'),(718,'14.5','SLIM','QK SHIRT ZT-70-07 - S 14.5',0,12900,'SZT70-07',1,2,20,1,1,'2024-03-04 10:22:50',NULL,'2024-03-04 10:22:50'),(719,'15','SLIM','QK SHIRT ZT-70-07 - S 15',0,12900,'SZT70-07',1,2,20,1,1,'2024-03-04 10:23:31',NULL,'2024-03-04 10:23:31'),(720,'15.5','SLIM','QK SHIRT ZT-70-07 - S 15.5',0,12900,'SZT70-07',1,2,20,1,1,'2024-03-04 10:24:29',1,'2024-03-04 10:25:49'),(721,'16','SLIM','QK SHIRT ZT-70-07 - S 16',0,12900,'SZT70-07',1,2,20,1,1,'2024-03-04 10:26:27',NULL,'2024-03-04 10:26:27'),(722,'16.5','SLIM','QK SHIRT ZT-70-07 - S 16.5',0,12900,'SZT70-07',1,2,20,1,1,'2024-03-04 10:27:16',NULL,'2024-03-04 10:27:16'),(723,'17','SLIM','QK SHIRT ZT-70-07 - S 17',0,12900,'SZT70-07',1,2,20,1,1,'2024-03-04 10:27:51',NULL,'2024-03-04 10:27:51'),(724,'17.5','SLIM','QK SHIRT ZT-70-07 - S 17.5',0,12900,'SZT70-07',1,2,20,1,1,'2024-03-04 10:28:29',NULL,'2024-03-04 10:28:29'),(725,'S','N/A','QK UNDERWARE - S',0,4250,'QKUW5-S',1,2,17,1,1,'2024-03-04 10:46:57',1,'2024-03-04 10:59:53'),(726,'M','N/A','QK UNDERWARE - M',0,4250,'QKUW5-M',1,2,17,1,1,'2024-03-04 10:50:13',1,'2024-03-04 11:00:09'),(727,'L','N/A','QK UNDERWARE - L',0,4250,'QKUW5-L',1,2,17,1,1,'2024-03-04 10:51:22',1,'2024-03-04 11:01:01'),(728,'XL','N/A','QK UNDERWARE - XL',0,4250,'QKUW5-XL',1,2,17,1,1,'2024-03-04 10:52:50',1,'2024-03-04 11:00:50'),(729,'2XL','N/A','QK UNDERWARE - 2XL',0,4250,'QKUW5-2XL',1,2,17,1,1,'2024-03-04 11:02:10',NULL,'2024-03-04 11:02:10'),(730,'XS','BLACK','QK VEST - BLACK - XS',0,4750,'QKV-B-XS',1,2,21,1,1,'2024-03-04 11:20:36',NULL,'2024-03-04 11:20:36'),(731,'S','BLACK','QK VEST - BLACK - S',0,4750,'QKV-B-S',1,2,21,1,1,'2024-03-04 11:22:10',NULL,'2024-03-04 11:22:10'),(732,'M','BLACK','QK VEST - BLACK - M',0,4750,'QKV-B-M',1,2,21,1,1,'2024-03-04 11:22:48',NULL,'2024-03-04 11:22:48'),(733,'L','BLACK','QK VEST - BLACK - L',0,4750,'QKV-B-L',1,2,21,1,1,'2024-03-04 11:24:11',NULL,'2024-03-04 11:24:11'),(734,'XL','BLACK','QK VEST - BLACK - XL',0,4750,'QKV-B-XL',1,2,21,1,1,'2024-03-04 11:25:03',NULL,'2024-03-04 11:25:03'),(735,'2XL','BLACK','QK VEST - BLACK - 2XL',0,4750,'QKV-B-2XL',1,2,21,1,1,'2024-03-04 11:25:53',NULL,'2024-03-04 11:25:53'),(736,'S','WHITE','QK VEST - WHITE - S',0,4750,'QKV-W-S',1,2,21,1,1,'2024-03-04 11:43:02',NULL,'2024-03-04 11:43:02'),(737,'M','WHITE','QK VEST - WHITE - M',0,4750,'QKV-W-M',1,2,21,1,1,'2024-03-04 11:44:10',NULL,'2024-03-04 11:44:10'),(738,'L','WHITE','QK VEST - WHITE - L',0,4750,'QKV-W-L',1,2,21,1,1,'2024-03-04 11:46:51',NULL,'2024-03-04 11:46:51'),(739,'XL','WHITE','QK VEST - WHITE - XL',0,4750,'QKV-W-XL',1,2,21,1,1,'2024-03-04 11:47:33',NULL,'2024-03-04 11:47:33'),(740,'2XL','WHITE','QK VEST - WHITE - 2XL',0,4750,'QKV-W-2XL',1,2,21,1,1,'2024-03-04 11:53:56',NULL,'2024-03-04 11:53:56'),(741,'N/A','D. BLUE','QK X BELT - PAGE BOY - D BLUE',0,6500,'QKXBK8-DB',1,2,38,1,1,'2024-03-04 11:57:53',NULL,'2024-03-04 11:57:53'),(742,'N/A','GREY','QK X BELT - PAGE BOY - GREY',0,4550,'QKXBK8-GR',1,2,38,1,1,'2024-03-04 12:00:07',3,'2024-04-05 06:33:55'),(743,'N/A','BEIGE','QK X BELT - PAGE BOY - BEIGE',0,6500,'QKXBK8-BE',1,2,38,1,1,'2024-03-04 12:00:50',NULL,'2024-03-04 12:00:50'),(744,'N/A','BLACK','QK X BELT - PAGE BOY - BLACK',0,6500,'QKXBK8-BL',1,2,38,1,1,'2024-03-04 12:01:21',NULL,'2024-03-04 12:01:21'),(745,'N/A','RED','QK X BELT - PAGE BOY - RED',0,6500,'QKXBK8-RE',1,2,38,1,1,'2024-03-04 12:02:01',NULL,'2024-03-04 12:02:01'),(746,'N/A','D. BLUE','QK UMBRELLA',0,9750,'QKUMB0017',1,2,16,1,1,'2024-03-04 12:03:30',NULL,'2024-03-04 12:03:30'),(747,'N/A','N/A','QK SOCKS',0,1950,'QKSCK0012',1,2,34,1,1,'2024-03-04 12:04:41',3,'2024-04-02 13:49:13'),(748,'N/A','D. BLUE','QK WOODEN BELT BOX',0,5950,'QKWBB0011',1,2,39,1,1,'2024-03-04 12:22:51',NULL,'2024-03-04 12:22:51'),(749,'N/A','BLACK','QK HAT - BLACK',0,18500,'QKHT1-BL',1,2,13,1,1,'2024-03-04 12:23:42',NULL,'2024-03-04 12:23:42'),(750,'N/A','WINE RED','QK HAT - WINE RED',0,18500,'QKHT1-WR',1,2,13,1,1,'2024-03-05 05:24:47',NULL,'2024-03-05 05:24:47'),(751,'N/A','BLACK','QK BACKPACK - BLACK',0,43500,'QKLBP0019',1,2,27,1,1,'2024-03-05 06:30:00',NULL,'2024-03-05 06:30:00'),(752,'N/A','BROWN','QK DOUBLE POCKET LEATHER BAG - BROWN',0,69000,'QKLBDP18B',1,2,27,1,1,'2024-03-05 06:35:26',NULL,'2024-03-05 06:35:26'),(753,'N/A','WINE RED','QK DOUBLE POCKET LEATHER BAG - WINE RED',0,69000,'QKLBDP18W',1,2,27,1,1,'2024-03-05 06:36:18',3,'2024-03-22 07:43:59'),(754,'N/A','N/A','QK BELT',0,12500,'QKBLT0013',1,2,23,1,1,'2024-03-05 06:39:06',NULL,'2024-03-05 06:39:06'),(755,'N/A','N/A','QK BELT',0,19500,'QKBLT13-1',1,2,23,1,1,'2024-03-05 06:39:49',NULL,'2024-03-05 06:39:49'),(756,'N/A','BLUE','QK HANDKERCHIEF - BLUE',0,950,'QKHRCH15B',1,2,18,1,1,'2024-03-05 06:40:53',NULL,'2024-03-05 06:40:53'),(757,'N/A','WHITE','QK HANDKERCHIEF - WHITE',0,950,'QKHRCH15W',1,2,18,1,1,'2024-03-05 06:41:32',NULL,'2024-03-05 06:41:32'),(758,'N/A','BLACK','QK WALLET - BLACK',0,7990,'QKWT2-BL',1,2,15,1,1,'2024-03-05 06:48:38',NULL,'2024-03-05 06:48:38'),(759,'N/A','BROWN','QK WALLET - BROWN',0,7990,'QKWT2-BR',1,2,15,1,1,'2024-03-05 07:18:31',NULL,'2024-03-05 07:18:31'),(760,'N/A','D. BLUE','QK BOW - PLAIN - D. BLUE',0,3950,'QKBW0016',1,2,26,1,1,'2024-03-05 07:32:10',NULL,'2024-03-05 07:32:10'),(761,'N/A','BLUE','QK BOW - PLAIN - BLUE',0,3950,'QKBW0016',1,2,26,1,1,'2024-03-05 07:35:17',NULL,'2024-03-05 07:35:17'),(762,'N/A','MAROON','QK BOW - PLAIN - MAROON',0,3950,'QKBW0016',1,2,26,1,1,'2024-03-05 07:36:02',NULL,'2024-03-05 07:36:02'),(763,'N/A','BLACK','QK BOW - PLAIN - BLACK',0,3950,'QKBW0016',1,2,26,1,1,'2024-03-05 07:37:08',NULL,'2024-03-05 07:37:08'),(764,'N/A','BEIGE','QK BOW - PLAIN - BEIGE',0,3950,'QKBW0016',1,2,26,1,1,'2024-03-05 07:47:41',NULL,'2024-03-05 07:47:41'),(765,'N/A','SILVER','QK BOW - PLAIN - SILVER',0,3950,'QKBW0016',1,2,26,1,1,'2024-03-05 07:49:10',NULL,'2024-03-05 07:49:10'),(766,'N/A','RED','QK BOW - PLAIN - RED',0,3950,'QKBW0016',1,2,26,1,1,'2024-03-05 07:55:37',NULL,'2024-03-05 07:55:37'),(767,'N/A','RED','QK BOW - DESIGN - RED',0,6950,'QKBWD001',1,2,26,1,1,'2024-03-05 08:54:01',NULL,'2024-03-05 08:54:01'),(768,'N/A','L. BLUE','QK BOW - DESIGN - L. BLUE',0,6950,'QKBWD001',1,2,26,1,1,'2024-03-05 08:54:50',NULL,'2024-03-05 08:54:50'),(769,'N/A','D. BLUE','QK BOW - DESIGN - D. BLUE',0,6950,'QKBWD001',1,2,26,1,1,'2024-03-05 08:56:13',NULL,'2024-03-05 08:56:13'),(770,'48A/87','G21238-103','QK GENTS SUIT - G21238-103 - 48A/87',0,86950,'QKGS001',1,2,29,1,1,'2024-03-08 12:06:03',NULL,'2024-03-08 12:06:03'),(771,'46A/81','G21238-103','QK GENTS SUIT - G21238-103 - 46A/81',0,86950,'QKGS001',1,2,29,1,1,'2024-03-08 12:07:17',NULL,'2024-03-08 12:07:17'),(772,'48A/87','W315282-1','QK GENTS SUIT - W315282-1 - 48A/87',0,83950,'QKGS002',1,2,29,1,1,'2024-03-08 12:08:08',NULL,'2024-03-08 12:08:08'),(773,'46A/81','W315282-1','QK GENTS SUIT - W315282-1 - 46A/81',0,83950,'QKGS002',1,2,29,1,1,'2024-03-08 12:12:41',NULL,'2024-03-08 12:12:41'),(774,'50A/91','9199-6','QK GENTS SUIT - 9199-6 - 50A/91',0,96950,'QKGS003',1,2,29,1,1,'2024-03-08 12:13:47',NULL,'2024-03-08 12:13:47'),(775,'50A/87','9199-6','QK GENTS SUIT - 9199-6 - 50A/87',0,96950,'QKGS003',1,2,29,1,1,'2024-03-08 12:14:42',NULL,'2024-03-08 12:14:42'),(776,'48A/91','9199-6','QK GENTS SUIT - 9199-6 - 48A/91',0,96950,'QKGS003',1,2,29,1,1,'2024-03-08 12:16:16',NULL,'2024-03-08 12:16:16'),(777,'46A/81','9199-6','QK GENTS SUIT - 9199-6 - 46A/81',0,96950,'QKGS003',1,2,29,1,1,'2024-03-08 12:17:46',NULL,'2024-03-08 12:17:46'),(778,'44A/75','9199-6','QK GENTS SUIT - 9199-6 - 44A/75',0,96950,'QKGS003',1,2,29,1,1,'2024-03-08 12:18:36',NULL,'2024-03-08 12:18:36'),(779,'50B/91','2138/4','QK GENTS SUIT - 2138/4 - 50B/91',0,96950,'QKGS004',1,2,29,1,1,'2024-03-08 12:19:37',1,'2024-03-08 12:22:25'),(780,'48B/87','2138/4','QK GENTS SUIT - 2138/4 - 48B/87',0,96950,'QKGS004',1,2,29,1,1,'2024-03-09 04:21:36',NULL,'2024-03-09 04:21:36'),(781,'52B/97','2138/4','QK GENTS SUIT - 2138/4 - 52B/97',0,96950,'QKGS004',1,2,29,1,1,'2024-03-15 10:30:48',NULL,'2024-03-15 10:30:48'),(782,'54B/91','2138/4','QK GENTS SUIT - 2138/4 - 54B/91',0,96950,'QKGS004',1,2,29,1,1,'2024-03-15 10:33:02',NULL,'2024-03-15 10:33:02'),(783,'46B/81','2138/4','QK GENTS SUIT - 2138/4 - 46B/81',0,96950,'QKGS004',1,2,29,1,1,'2024-03-15 10:34:44',NULL,'2024-03-15 10:34:44'),(784,'50B/91','H57154-1','QK GENTS SUIT - H57154-1 - 50B/91',0,84950,'QKGS005',1,2,29,1,1,'2024-03-15 10:35:37',NULL,'2024-03-15 10:35:37'),(785,'46B/81','H57154-1','QK GENTS SUIT - H57154-1 - 46B/81',0,84950,'QKGS005',1,2,29,1,1,'2024-03-15 10:42:20',NULL,'2024-03-15 10:42:20'),(786,'48A/91','2138-6#','QK GENTS SUIT - 2138-6# - 48A/91',0,86950,'QKGS006',1,2,29,1,1,'2024-03-15 10:48:32',NULL,'2024-03-15 10:48:32'),(787,'50A/91','2138-6#','QK GENTS SUIT - 2138-6# - 50A/91',0,86950,'QKGS006',1,2,29,1,1,'2024-03-15 10:49:14',NULL,'2024-03-15 10:49:14'),(788,'52A/97','2138-6#','QK GENTS SUIT - 2138-6# - 52A/97',0,86950,'QKGS006',1,2,29,1,1,'2024-03-15 10:50:03',NULL,'2024-03-15 10:50:03'),(789,'54A/101','2138-6#','QK GENTS SUIT - 2138-6# - 54A/101',0,86950,'QKGS006',1,2,29,1,1,'2024-03-15 10:50:44',NULL,'2024-03-15 10:50:44'),(790,'48A/87','2138-6#','QK GENTS SUIT - 2138-6# - 48A/87',0,86950,'QKGS006',1,2,29,1,1,'2024-03-15 10:52:28',NULL,'2024-03-15 10:52:28'),(791,'44A/75','G21238-753','QK GENTS SUIT - G21238-753 - 44A/75',0,86950,'QKGS007',1,2,29,1,1,'2024-03-15 10:57:19',NULL,'2024-03-15 10:57:19'),(792,'48A/101','G21238-753','QK GENTS SUIT - G21238-753 - 48A/101',0,86950,'QKGS007',1,2,29,1,1,'2024-03-15 11:05:45',NULL,'2024-03-15 11:05:45'),(793,'50A/87','G21238-753','QK GENTS SUIT - G21238-753 - 50A/87',0,86950,'QKGS007',1,2,29,1,1,'2024-03-15 11:07:03',NULL,'2024-03-15 11:07:03'),(794,'50A/91','G21238-753','QK GENTS SUIT - G21238-753 - 50A/91',0,86950,'QKGS007',1,2,29,1,1,'2024-03-15 11:07:50',NULL,'2024-03-15 11:07:50'),(795,'46A/81','G21238-753','QK GENTS SUIT - G21238-753 - 46A/81',0,86950,'QKGS007',1,2,29,1,1,'2024-03-15 11:09:44',NULL,'2024-03-15 11:09:44'),(796,'48A/87','G21238-753','QK GENTS SUIT - G21238-753 - 48A/87',0,86950,'QKGS007',1,2,29,1,1,'2024-03-15 11:15:45',NULL,'2024-03-15 11:15:45'),(797,'44A/75','W315006-19','QK GENTS SUIT - W315006-19 - 44A/75',0,83950,'QKGS008',1,2,29,1,1,'2024-03-15 11:16:52',NULL,'2024-03-15 11:16:52'),(798,'46A/81','W315006-19','QK GENTS SUIT - W315006-19 - 46A/81',0,83950,'QKGS008',1,2,29,1,1,'2024-03-15 11:17:36',NULL,'2024-03-15 11:17:36'),(799,'48A/87','W315006-19','QK GENTS SUIT - W315006-19 - 48A/87',0,83950,'QKGS008',1,2,29,1,1,'2024-03-15 11:18:39',NULL,'2024-03-15 11:18:39'),(800,'50A/91','W315006-19','QK GENTS SUIT - W315006-19 - 50A/91',0,83950,'QKGS008',1,2,29,1,1,'2024-03-15 11:19:30',NULL,'2024-03-15 11:19:30'),(801,'52A/97','W315006-19','QK GENTS SUIT - W315006-19 - 52A/97',0,83950,'QKGS008',1,2,29,1,1,'2024-03-15 11:20:13',NULL,'2024-03-15 11:20:13'),(802,'46A/81','W318351-1-1','QK GENTS SUIT - W318351-1-1 - 46A/81',0,92950,'QKGS009',1,2,29,1,1,'2024-03-15 11:21:05',NULL,'2024-03-15 11:21:05'),(803,'44A/75','W318351-1-1','QK GENTS SUIT - W318351-1-1 - 44A/75',0,92950,'QKGS009',1,2,29,1,1,'2024-03-15 11:21:56',NULL,'2024-03-15 11:21:56'),(804,'48A/87','W318351-1-1','QK GENTS SUIT - W318351-1-1 - 48A/87',0,92950,'QKGS008',1,2,29,1,1,'2024-03-15 11:26:29',NULL,'2024-03-15 11:26:29'),(805,'50A/87','W318351-1-1','QK GENTS SUIT - W318351-1-1 - 50A/87',0,92950,'QKGS008',1,2,29,1,1,'2024-03-15 11:28:14',NULL,'2024-03-15 11:28:14'),(806,'48A/91','W318351-1-1','QK GENTS SUIT - W318351-1-1 - 48A/91',0,92950,'QKGS008',1,2,29,1,1,'2024-03-15 11:29:01',NULL,'2024-03-15 11:29:01'),(807,'48A/91','G21238-900','QK GENTS SUIT - G21238-900 - 48A/91',0,96950,'QKGS010',1,2,29,1,1,'2024-03-15 11:30:35',NULL,'2024-03-15 11:30:35');
/*!40000 ALTER TABLE `product` ENABLE KEYS */;
UNLOCK TABLES;

--
-- Table structure for table `product_category`
--

DROP TABLE IF EXISTS `product_category`;
/*!40101 SET @saved_cs_client     = @@character_set_client */;
/*!40101 SET character_set_client = utf8 */;
CREATE TABLE `product_category` (
  `id` int(11) NOT NULL AUTO_INCREMENT,
  `name` varchar(100) NOT NULL DEFAULT '',
  `status` int(11) NOT NULL DEFAULT 0,
  `added_by` int(11) DEFAULT NULL,
  `added_time` timestamp NOT NULL DEFAULT current_timestamp(),
  `updated_by` int(11) DEFAULT NULL,
  `updated_time` timestamp NOT NULL DEFAULT current_timestamp(),
  PRIMARY KEY (`id`),
  KEY `product_category_added_by` (`added_by`),
  KEY `product_category_updated_by` (`updated_by`),
  KEY `product_category_status` (`status`),
  CONSTRAINT `product_category_added_by` FOREIGN KEY (`added_by`) REFERENCES `user` (`id`),
  CONSTRAINT `product_category_status` FOREIGN KEY (`status`) REFERENCES `product_status` (`id`),
  CONSTRAINT `product_category_updated_by` FOREIGN KEY (`updated_by`) REFERENCES `user` (`id`)
) ENGINE=InnoDB AUTO_INCREMENT=3 DEFAULT CHARSET=utf8mb4 COLLATE=utf8mb4_general_ci;
/*!40101 SET character_set_client = @saved_cs_client */;

--
-- Dumping data for table `product_category`
--

LOCK TABLES `product_category` WRITE;
/*!40000 ALTER TABLE `product_category` DISABLE KEYS */;
INSERT INTO `product_category` VALUES (1,'Ladies',1,1,'2023-12-28 05:54:43',1,'2023-12-28 05:54:43'),(2,'Gents',1,1,'2023-12-28 05:54:43',1,'2023-12-28 05:54:43');
/*!40000 ALTER TABLE `product_category` ENABLE KEYS */;
UNLOCK TABLES;

--
-- Table structure for table `product_status`
--

DROP TABLE IF EXISTS `product_status`;
/*!40101 SET @saved_cs_client     = @@character_set_client */;
/*!40101 SET character_set_client = utf8 */;
CREATE TABLE `product_status` (
  `id` int(11) NOT NULL AUTO_INCREMENT,
  `status` varchar(100) NOT NULL,
  PRIMARY KEY (`id`)
) ENGINE=InnoDB AUTO_INCREMENT=3 DEFAULT CHARSET=utf8mb4 COLLATE=utf8mb4_general_ci;
/*!40101 SET character_set_client = @saved_cs_client */;

--
-- Dumping data for table `product_status`
--

LOCK TABLES `product_status` WRITE;
/*!40000 ALTER TABLE `product_status` DISABLE KEYS */;
INSERT INTO `product_status` VALUES (1,'active'),(2,'deactive');
/*!40000 ALTER TABLE `product_status` ENABLE KEYS */;
UNLOCK TABLES;

--
-- Table structure for table `product_sub_category`
--

DROP TABLE IF EXISTS `product_sub_category`;
/*!40101 SET @saved_cs_client     = @@character_set_client */;
/*!40101 SET character_set_client = utf8 */;
CREATE TABLE `product_sub_category` (
  `id` int(11) NOT NULL AUTO_INCREMENT,
  `name` varchar(100) DEFAULT NULL,
  `img_url` varchar(500) DEFAULT NULL,
  `category` int(11) DEFAULT NULL,
  `status` int(11) NOT NULL DEFAULT 0,
  `added_by` int(11) DEFAULT NULL,
  `added_time` timestamp NOT NULL DEFAULT current_timestamp(),
  `updated_by` int(11) DEFAULT NULL,
  `updated_time` timestamp NOT NULL DEFAULT current_timestamp(),
  PRIMARY KEY (`id`),
  KEY `Structureproduct_sub_category_added_by` (`added_by`),
  KEY `Structureproduct_sub_category_updated_by` (`updated_by`),
  KEY `Structureproduct_sub_category_category` (`category`),
  KEY `Structureproduct_sub_category_status` (`status`),
  CONSTRAINT `Structureproduct_sub_category_added_by` FOREIGN KEY (`added_by`) REFERENCES `user` (`id`),
  CONSTRAINT `Structureproduct_sub_category_category` FOREIGN KEY (`category`) REFERENCES `product_category` (`id`),
  CONSTRAINT `Structureproduct_sub_category_status` FOREIGN KEY (`status`) REFERENCES `product_status` (`id`),
  CONSTRAINT `Structureproduct_sub_category_updated_by` FOREIGN KEY (`updated_by`) REFERENCES `user` (`id`)
) ENGINE=InnoDB AUTO_INCREMENT=40 DEFAULT CHARSET=utf8mb4 COLLATE=utf8mb4_general_ci;
/*!40101 SET character_set_client = @saved_cs_client */;

--
-- Dumping data for table `product_sub_category`
--

LOCK TABLES `product_sub_category` WRITE;
/*!40000 ALTER TABLE `product_sub_category` DISABLE KEYS */;
INSERT INTO `product_sub_category` VALUES (13,'QK HAT','https://nbc-storage.s3.ap-southeast-1.amazonaws.com/images/cap.png',2,1,1,'2024-01-03 03:44:53',1,'2024-01-03 14:46:40'),(15,'QK WALLET','https://nbc-storage.s3.ap-southeast-1.amazonaws.com/images/wallet.png',2,1,1,'2024-01-03 14:47:17',NULL,'2024-01-03 14:47:17'),(16,'QK UMBRELLA','https://nbc-storage.s3.ap-southeast-1.amazonaws.com/images/umbrella.png',2,1,1,'2024-01-03 14:49:38',NULL,'2024-01-03 14:49:38'),(17,'QK UNDERWEAR','https://nbc-storage.s3.ap-southeast-1.amazonaws.com/images/underwear.png',2,1,1,'2024-01-03 14:50:08',NULL,'2024-01-03 14:50:08'),(18,'QK HANDKERCHIEF','https://nbc-storage.s3.ap-southeast-1.amazonaws.com/images/handkerchief.png',2,1,1,'2024-01-03 14:50:20',NULL,'2024-01-03 14:50:20'),(19,'QK GENTS SHOE','https://nbc-storage.s3.ap-southeast-1.amazonaws.com/images/mens-shoe.png',2,1,1,'2024-01-03 14:50:34',NULL,'2024-01-03 14:50:34'),(20,'QK  SHIRT','https://nbc-storage.s3.ap-southeast-1.amazonaws.com/images/shirt.png',2,1,1,'2024-01-03 14:50:51',NULL,'2024-01-03 14:50:51'),(21,'QK VEST','https://nbc-storage.s3.ap-southeast-1.amazonaws.com/images/vest.png',2,1,1,'2024-01-03 14:52:11',NULL,'2024-01-03 14:52:11'),(22,'QK T SHIRT','https://nbc-storage.s3.ap-southeast-1.amazonaws.com/images/polo-shirt.png',2,1,1,'2024-01-03 14:54:04',NULL,'2024-01-03 14:54:04'),(23,'QK BELT','https://nbc-storage.s3.ap-southeast-1.amazonaws.com/images/belt.png',2,1,1,'2024-01-03 14:58:02',NULL,'2024-01-03 14:58:02'),(25,'QK CUFFLINKS','https://nbc-storage.s3.ap-southeast-1.amazonaws.com/images/cufflinks.png',2,1,1,'2024-01-03 15:06:07',NULL,'2024-01-03 15:06:07'),(26,'QK BOW','https://nbc-storage.s3.ap-southeast-1.amazonaws.com/images/bow-tie.png',2,1,1,'2024-01-03 15:07:36',NULL,'2024-01-03 15:07:36'),(27,'QK LEATHER BAG','https://nbc-storage.s3.ap-southeast-1.amazonaws.com/images/school-bag.png',2,1,1,'2024-01-03 15:10:03',NULL,'2024-01-03 15:10:03'),(28,'QK LADIES SUIT','https://nbc-storage.s3.ap-southeast-1.amazonaws.com/images/suit-l.png',1,1,1,'2024-01-03 15:11:54',NULL,'2024-01-03 15:11:54'),(29,'QK GENTS SUIT','https://nbc-storage.s3.ap-southeast-1.amazonaws.com/images/suit%20-%201.png',2,1,1,'2024-01-03 15:14:04',NULL,'2024-01-03 15:14:04'),(30,'QK SHOES','https://nbc-storage.s3.ap-southeast-1.amazonaws.com/images/mens-shoe.png',2,1,1,'2024-01-03 15:14:29',NULL,'2024-01-03 15:14:29'),(31,'QK SLIPPER','https://nbc-storage.s3.ap-southeast-1.amazonaws.com/images/flip-flops.png',2,1,1,'2024-01-03 15:15:37',NULL,'2024-01-03 15:15:37'),(32,'QK TIE ','https://nbc-storage.s3.ap-southeast-1.amazonaws.com/images/tie.png',2,1,1,'2024-01-03 15:16:48',NULL,'2024-01-03 15:16:48'),(33,'QK HANDKERCHIEF','https://nbc-storage.s3.ap-southeast-1.amazonaws.com/images/handkerchief.png',1,1,1,'2024-01-03 15:55:10',NULL,'2024-01-03 15:55:10'),(34,'QK SOCKS','https://nbc-storage.s3.ap-southeast-1.amazonaws.com/images/socks.png',2,1,1,'2024-01-22 04:47:28',NULL,'2024-01-22 04:47:28'),(35,'QK GAWN','https://nbc-storage.s3.ap-southeast-1.amazonaws.com/images/frock.png',1,1,1,'2024-01-25 09:15:35',1,'2024-02-21 21:41:51'),(38,'QK X BELT','sample url',2,1,1,'2024-03-04 11:57:17',1,'2024-03-04 11:58:21'),(39,'QK WOODEN BELT BOX','sample url',2,1,1,'2024-03-04 12:22:17',NULL,'2024-03-04 12:22:17');
/*!40000 ALTER TABLE `product_sub_category` ENABLE KEYS */;
UNLOCK TABLES;

--
-- Table structure for table `product_type`
--

DROP TABLE IF EXISTS `product_type`;
/*!40101 SET @saved_cs_client     = @@character_set_client */;
/*!40101 SET character_set_client = utf8 */;
CREATE TABLE `product_type` (
  `id` int(11) NOT NULL AUTO_INCREMENT,
  `name` varchar(200) DEFAULT NULL,
  `status` int(11) DEFAULT NULL,
  `added_by` int(11) DEFAULT NULL,
  `added_time` timestamp NOT NULL DEFAULT current_timestamp(),
  `updated_by` int(11) DEFAULT NULL,
  `updated_time` timestamp NOT NULL DEFAULT current_timestamp(),
  PRIMARY KEY (`id`),
  KEY `product_type_added_by` (`added_by`),
  KEY `product_type_updated_by` (`updated_by`),
  KEY `product_type_status` (`status`),
  CONSTRAINT `product_type_added_by` FOREIGN KEY (`added_by`) REFERENCES `user` (`id`),
  CONSTRAINT `product_type_status` FOREIGN KEY (`status`) REFERENCES `product_status` (`id`),
  CONSTRAINT `product_type_updated_by` FOREIGN KEY (`updated_by`) REFERENCES `user` (`id`)
) ENGINE=InnoDB AUTO_INCREMENT=3 DEFAULT CHARSET=utf8mb4 COLLATE=utf8mb4_general_ci;
/*!40101 SET character_set_client = @saved_cs_client */;

--
-- Dumping data for table `product_type`
--

LOCK TABLES `product_type` WRITE;
/*!40000 ALTER TABLE `product_type` DISABLE KEYS */;
INSERT INTO `product_type` VALUES (1,'Readymate',1,1,'2023-12-28 05:55:07',1,'2023-12-28 05:55:07'),(2,'Custom',1,1,'2023-12-28 05:55:07',1,'2023-12-28 05:55:07');
/*!40000 ALTER TABLE `product_type` ENABLE KEYS */;
UNLOCK TABLES;

--
-- Table structure for table `user`
--

DROP TABLE IF EXISTS `user`;
/*!40101 SET @saved_cs_client     = @@character_set_client */;
/*!40101 SET character_set_client = utf8 */;
CREATE TABLE `user` (
  `id` int(11) NOT NULL AUTO_INCREMENT,
  `username` varchar(300) DEFAULT NULL,
  `email` varchar(320) DEFAULT NULL,
  `mobile` varchar(15) DEFAULT NULL,
  `password` varchar(200) DEFAULT NULL,
  `role` int(11) DEFAULT NULL,
  `status` int(11) NOT NULL DEFAULT 0,
  `added_by` int(11) DEFAULT NULL,
  `added_time` timestamp NOT NULL DEFAULT current_timestamp(),
  `updated_by` int(11) DEFAULT NULL,
  `updated_time` timestamp NOT NULL DEFAULT current_timestamp(),
  PRIMARY KEY (`id`),
  KEY `user_added_by` (`added_by`),
  KEY `user_updated_by` (`updated_by`),
  KEY `user_status` (`status`),
  KEY `user_role` (`role`),
  CONSTRAINT `user_added_by` FOREIGN KEY (`added_by`) REFERENCES `user` (`id`),
  CONSTRAINT `user_role` FOREIGN KEY (`role`) REFERENCES `user_role` (`id`),
  CONSTRAINT `user_status` FOREIGN KEY (`status`) REFERENCES `user_status` (`id`),
  CONSTRAINT `user_updated_by` FOREIGN KEY (`updated_by`) REFERENCES `user` (`id`)
) ENGINE=InnoDB AUTO_INCREMENT=6 DEFAULT CHARSET=utf8mb4 COLLATE=utf8mb4_general_ci;
/*!40101 SET character_set_client = @saved_cs_client */;

--
-- Dumping data for table `user`
--

LOCK TABLES `user` WRITE;
/*!40000 ALTER TABLE `user` DISABLE KEYS */;
INSERT INTO `user` VALUES (1,'user 01','store@queenkuweni.com','0719850755','$2a$10$ceeb2bcf773c7cd2c40b1uPideZcpb7BqykMwN9QcNNI8wQnT8NLW',1,1,1,'2023-12-27 11:22:20',1,'2023-12-27 11:22:20'),(2,'user 02','sales@queenkuweni.com','0719850755','$2a$10$ceeb2bcf773c7cd2c40b1uxZgaCW87CpcT.NK.rnFyi0oETpfvbXK',2,1,1,'2023-12-29 07:07:34',1,'2023-12-29 07:07:34'),(3,'tharushi','tharushi@nb.lk','','$2a$10$ceeb2bcf773c7cd2c40b1uof3Rp.YX40bLe3wqJb9xp.s1/PZoM1.',1,1,1,'2023-12-27 16:52:20',1,'2023-12-27 16:52:20'),(4,'cashire','cashier@nb.lk','','$2a$10$ceeb2bcf773c7cd2c40b1uvIJ4j20cqTafyflohV/Kd5RUAr0EOEO',1,1,1,'2023-12-27 16:52:20',1,'2023-12-27 16:52:20'),(5,'sales','sales@nb.lk','','$2a$10$ceeb2bcf773c7cd2c40b1urqZkJ8c.gc0qDebH2nAxrW74a7kH7R.',2,1,1,'2023-12-27 16:52:20',1,'2023-12-27 16:52:20');
/*!40000 ALTER TABLE `user` ENABLE KEYS */;
UNLOCK TABLES;

--
-- Table structure for table `user_role`
--

DROP TABLE IF EXISTS `user_role`;
/*!40101 SET @saved_cs_client     = @@character_set_client */;
/*!40101 SET character_set_client = utf8 */;
CREATE TABLE `user_role` (
  `id` int(11) NOT NULL AUTO_INCREMENT,
  `role` varchar(100) DEFAULT NULL,
  PRIMARY KEY (`id`)
) ENGINE=InnoDB AUTO_INCREMENT=3 DEFAULT CHARSET=utf8mb4 COLLATE=utf8mb4_general_ci;
/*!40101 SET character_set_client = @saved_cs_client */;

--
-- Dumping data for table `user_role`
--

LOCK TABLES `user_role` WRITE;
/*!40000 ALTER TABLE `user_role` DISABLE KEYS */;
INSERT INTO `user_role` VALUES (1,'admin'),(2,'user');
/*!40000 ALTER TABLE `user_role` ENABLE KEYS */;
UNLOCK TABLES;

--
-- Table structure for table `user_status`
--

DROP TABLE IF EXISTS `user_status`;
/*!40101 SET @saved_cs_client     = @@character_set_client */;
/*!40101 SET character_set_client = utf8 */;
CREATE TABLE `user_status` (
  `id` int(11) NOT NULL AUTO_INCREMENT,
  `status` varchar(100) NOT NULL,
  PRIMARY KEY (`id`)
) ENGINE=InnoDB AUTO_INCREMENT=3 DEFAULT CHARSET=utf8mb4 COLLATE=utf8mb4_general_ci;
/*!40101 SET character_set_client = @saved_cs_client */;

--
-- Dumping data for table `user_status`
--

LOCK TABLES `user_status` WRITE;
/*!40000 ALTER TABLE `user_status` DISABLE KEYS */;
INSERT INTO `user_status` VALUES (1,'active'),(2,'deactive');
/*!40000 ALTER TABLE `user_status` ENABLE KEYS */;
UNLOCK TABLES;
/*!40103 SET TIME_ZONE=@OLD_TIME_ZONE */;

/*!40101 SET SQL_MODE=@OLD_SQL_MODE */;
/*!40014 SET FOREIGN_KEY_CHECKS=@OLD_FOREIGN_KEY_CHECKS */;
/*!40014 SET UNIQUE_CHECKS=@OLD_UNIQUE_CHECKS */;
/*!40101 SET CHARACTER_SET_CLIENT=@OLD_CHARACTER_SET_CLIENT */;
/*!40101 SET CHARACTER_SET_RESULTS=@OLD_CHARACTER_SET_RESULTS */;
/*!40101 SET COLLATION_CONNECTION=@OLD_COLLATION_CONNECTION */;
/*!40111 SET SQL_NOTES=@OLD_SQL_NOTES */;

-- Dump completed on 2024-04-18 17:48:08
