-- phpMyAdmin SQL Dump
-- version 5.2.1
-- https://www.phpmyadmin.net/
--
-- Host: 127.0.0.1
-- Generation Time: May 24, 2024 at 04:36 AM
-- Server version: 10.4.28-MariaDB
-- PHP Version: 8.2.4

SET SQL_MODE = "NO_AUTO_VALUE_ON_ZERO";
START TRANSACTION;
SET time_zone = "+00:00";


/*!40101 SET @OLD_CHARACTER_SET_CLIENT=@@CHARACTER_SET_CLIENT */;
/*!40101 SET @OLD_CHARACTER_SET_RESULTS=@@CHARACTER_SET_RESULTS */;
/*!40101 SET @OLD_COLLATION_CONNECTION=@@COLLATION_CONNECTION */;
/*!40101 SET NAMES utf8mb4 */;

--
-- Database: `sales_merikatower`
--

-- --------------------------------------------------------

--
-- Table structure for table `order_bill`
--

CREATE TABLE `order_bill` (
  `id` int(11) NOT NULL,
  `date` date NOT NULL DEFAULT current_timestamp(),
  `customer_name` varchar(200) DEFAULT NULL,
  `email` varchar(320) NOT NULL,
  `phone` varchar(15) NOT NULL,
  `address` varchar(500) NOT NULL,
  `status` int(11) DEFAULT 0,
  `added_by` int(11) DEFAULT NULL,
  `added_time` timestamp NOT NULL DEFAULT current_timestamp(),
  `updated_by` int(11) DEFAULT NULL,
  `updated_time` timestamp NOT NULL DEFAULT current_timestamp()
) ENGINE=InnoDB DEFAULT CHARSET=utf8mb4 COLLATE=utf8mb4_general_ci;

--
-- Dumping data for table `order_bill`
--

INSERT INTO `order_bill` (`id`, `date`, `customer_name`, `email`, `phone`, `address`, `status`, `added_by`, `added_time`, `updated_by`, `updated_time`) VALUES
(102, '2024-05-15', 'Chamika', '', '0773770977', 'Malabe', 1, 2, '2024-05-15 07:06:04', NULL, '2024-05-15 07:06:04'),
(103, '2024-05-15', 'Basically karumathilaka', '', '0775516858', '.', 1, 2, '2024-05-15 09:30:23', NULL, '2024-05-15 09:30:23'),
(104, '2024-05-18', 'Chamika ', '', '0773770977', '.', 1, 2, '2024-05-18 11:21:29', NULL, '2024-05-18 07:21:29');

-- --------------------------------------------------------

--
-- Table structure for table `order_item`
--

CREATE TABLE `order_item` (
  `id` int(11) NOT NULL,
  `order_id` int(11) DEFAULT NULL,
  `product` int(11) DEFAULT NULL,
  `price` int(11) DEFAULT NULL,
  `qty` int(11) DEFAULT NULL,
  `added_by` int(11) DEFAULT NULL,
  `added_time` timestamp NOT NULL DEFAULT current_timestamp(),
  `updated_by` int(11) DEFAULT NULL,
  `updated_time` timestamp NOT NULL DEFAULT current_timestamp()
) ENGINE=InnoDB DEFAULT CHARSET=utf8mb4 COLLATE=utf8mb4_general_ci;

--
-- Dumping data for table `order_item`
--

INSERT INTO `order_item` (`id`, `order_id`, `product`, `price`, `qty`, `added_by`, `added_time`, `updated_by`, `updated_time`) VALUES
(4, 102, 678, 6125, 1, 2, '2024-05-15 07:06:04', NULL, '2024-05-15 07:06:04'),
(5, 102, 963, 10150, 1, 2, '2024-05-15 07:06:04', NULL, '2024-05-15 07:06:04'),
(6, 103, 321, 27300, 1, 2, '2024-05-15 09:30:23', NULL, '2024-05-15 09:30:23'),
(7, 103, 754, 8750, 1, 2, '2024-05-15 09:30:23', NULL, '2024-05-15 09:30:23'),
(8, 104, 318, 27300, 1, 2, '2024-05-18 11:21:29', NULL, '2024-05-18 07:21:29');

-- --------------------------------------------------------

--
-- Table structure for table `order_payment`
--

CREATE TABLE `order_payment` (
  `id` int(11) NOT NULL,
  `order_id` int(11) NOT NULL,
  `amount` double NOT NULL,
  `type` int(11) NOT NULL DEFAULT 1 COMMENT '1 - cash, 2 - card',
  `added_by` int(11) NOT NULL,
  `added_time` timestamp NOT NULL DEFAULT current_timestamp()
) ENGINE=InnoDB DEFAULT CHARSET=utf8mb4 COLLATE=utf8mb4_general_ci;

--
-- Dumping data for table `order_payment`
--

INSERT INTO `order_payment` (`id`, `order_id`, `amount`, `type`, `added_by`, `added_time`) VALUES
(48, 102, 16275, 2, 3, '2024-05-15 07:11:43'),
(49, 103, 36050, 2, 3, '2024-05-15 09:33:09'),
(50, 104, 27300, 2, 3, '2024-05-18 11:23:59');

-- --------------------------------------------------------

--
-- Table structure for table `order_status`
--

CREATE TABLE `order_status` (
  `id` int(11) NOT NULL,
  `status` varchar(100) DEFAULT NULL
) ENGINE=InnoDB DEFAULT CHARSET=utf8mb4 COLLATE=utf8mb4_general_ci;

--
-- Dumping data for table `order_status`
--

INSERT INTO `order_status` (`id`, `status`) VALUES
(1, 'Added');

-- --------------------------------------------------------

--
-- Table structure for table `product`
--

CREATE TABLE `product` (
  `id` int(11) NOT NULL,
  `size` varchar(100) NOT NULL DEFAULT '',
  `color` varchar(100) NOT NULL DEFAULT '',
  `name` varchar(500) DEFAULT NULL,
  `stock` int(11) NOT NULL DEFAULT 0,
  `price` double DEFAULT NULL,
  `product_id` varchar(500) DEFAULT NULL,
  `type` int(11) DEFAULT NULL,
  `category` int(11) DEFAULT NULL,
  `sub_category` int(11) DEFAULT NULL,
  `status` int(11) NOT NULL DEFAULT 0,
  `added_by` int(11) DEFAULT NULL,
  `added_time` timestamp NOT NULL DEFAULT current_timestamp(),
  `updated_by` int(11) DEFAULT NULL,
  `updated_time` timestamp NOT NULL DEFAULT current_timestamp()
) ENGINE=InnoDB DEFAULT CHARSET=utf8mb4 COLLATE=utf8mb4_general_ci;

--
-- Dumping data for table `product`
--

INSERT INTO `product` (`id`, `size`, `color`, `name`, `stock`, `price`, `product_id`, `type`, `category`, `sub_category`, `status`, `added_by`, `added_time`, `updated_by`, `updated_time`) VALUES
(197, 'UK12', 'WHITE', 'QK FROCK - CH3028 - UK12', 1, 214900, 'FCH3028', 1, 1, 35, 1, 1, '2024-02-27 05:10:04', NULL, '2024-02-27 05:10:04'),
(198, 'UK10', 'WHITE', 'QK FROCK - QK0318 - UK10', 1, 203000, 'FQK0318', 1, 1, 35, 1, 1, '2024-02-27 05:12:04', NULL, '2024-02-27 05:12:04'),
(199, 'UK12', 'WHITE', 'QK FROCK - 9C-EY9147 - UK12', 1, 262500, 'F9C-EY9147', 1, 1, 35, 1, 1, '2024-02-27 05:13:07', NULL, '2024-02-27 05:13:07'),
(200, 'UK12', 'WHITE', 'QK FROCK - QK0312 - UK12', 1, 220500, 'FQK0312', 1, 1, 35, 1, 1, '2024-02-27 05:14:17', NULL, '2024-02-27 05:14:17'),
(201, 'UK10', 'WHITE', 'QK FROCK - CH3025 - UK10', 1, 157500, 'FCH3025', 1, 1, 35, 1, 1, '2024-02-27 05:16:20', NULL, '2024-02-27 05:16:20'),
(202, 'UK10', 'WHITE', 'QK FROCK - CH3101 - UK10', 1, 399000, 'FCH3101', 1, 1, 35, 1, 1, '2024-02-27 05:17:52', NULL, '2024-02-27 05:17:52'),
(203, 'UK10', 'WHITE', 'QK FROCK - CH3043 - UK10', 1, 157500, 'FCH3043', 1, 1, 35, 1, 1, '2024-02-27 05:19:22', NULL, '2024-02-27 05:19:22'),
(204, 'UK10', 'WHITE', 'QK FROCK - QK0323 - UK10', 1, 273000, 'FQK0323', 1, 1, 35, 1, 1, '2024-02-27 05:20:25', NULL, '2024-02-27 05:20:25'),
(205, 'UK10', 'WHITE', 'QK FROCK - CH3054 - UK10', 1, 214900, 'FCH3054', 1, 1, 35, 1, 1, '2024-02-27 05:21:12', NULL, '2024-02-27 05:21:12'),
(206, 'UK10', 'WHITE', 'QK FROCK - CH3078 - UK10', 1, 273000, 'FCH3078', 1, 1, 35, 1, 1, '2024-02-27 05:23:38', NULL, '2024-02-27 05:23:38'),
(207, 'UK10', 'WHITE', 'QK FROCK - QK0311 - UK10', 1, 249199.99999999997, 'FQK0311', 1, 1, 35, 1, 1, '2024-02-27 05:25:12', NULL, '2024-02-27 05:25:12'),
(208, 'UK8', 'WHITE', 'QK FROCK - QK0305 - UK8', 1, 167300, 'FQK0305', 1, 1, 35, 1, 1, '2024-02-27 05:41:51', NULL, '2024-02-27 05:41:51'),
(209, 'UK10', 'WHITE', 'QK FROCK - QK0310 - UK10', 1, 167300, 'FQK0310', 1, 1, 35, 1, 1, '2024-02-27 05:42:55', NULL, '2024-02-27 05:42:55'),
(210, 'UK8', 'WHITE', 'QK FROCK - CH3112 - UK8', 1, 144200, 'FCH3112', 1, 1, 35, 1, 1, '2024-02-27 05:43:32', NULL, '2024-02-27 05:43:32'),
(211, 'UK10', 'WHITE', 'QK FROCK - CH3055 - UK10', 1, 129499.99999999999, 'FCH3055', 1, 1, 35, 1, 1, '2024-02-27 05:46:23', NULL, '2024-02-27 05:46:23'),
(212, 'UK10', 'WHITE', 'QK FROCK - QK0326 - UK10', 1, 167300, 'FQK0326', 1, 1, 35, 1, 1, '2024-02-27 05:47:42', NULL, '2024-02-27 05:47:42'),
(213, 'UK10', 'WHITE', 'QK FROCK - QK0315 - UK10', 1, 167300, 'FQK0315', 1, 1, 35, 1, 1, '2024-02-27 05:48:36', NULL, '2024-02-27 05:48:36'),
(214, 'UK10', 'WHITE', 'QK FROCK - CH3008 - UK10', 1, 157500, 'FCH3008', 1, 1, 35, 1, 1, '2024-02-27 05:49:34', 1, '2024-04-02 08:07:13'),
(215, 'UK8', 'WHITE', 'QK FROCK - CH3122 - UK8', 1, 144200, 'FCH3122', 1, 1, 35, 1, 1, '2024-02-27 05:51:17', 1, '2024-04-02 08:07:51'),
(216, 'UK12', 'WHITE', 'QK FROCK - CH3049 - UK12', 1, 157500, 'FCH3049', 1, 1, 35, 1, 1, '2024-02-27 05:52:04', NULL, '2024-02-27 05:52:04'),
(217, 'UK10', 'WHITE', 'QK FROCK - SH2640 - UK10', 1, 129499.99999999999, 'FSH2640', 1, 1, 35, 1, 1, '2024-02-27 05:53:45', NULL, '2024-02-27 05:53:45'),
(218, 'UK10', 'WHITE', 'QK FROCK - QK0309 - UK10', 1, 167300, 'FQK0309', 1, 1, 35, 1, 1, '2024-02-27 05:54:36', NULL, '2024-02-27 05:54:36'),
(219, 'M', 'WHITE', 'QK FROCK - F135 - M', 1, 139300, 'F135', 1, 1, 35, 1, 1, '2024-02-27 05:55:26', NULL, '2024-02-27 05:55:26'),
(220, 'UK10', 'WHITE', 'QK FROCK - QK0316 - UK10', 1, 220500, 'FQK0316', 1, 1, 35, 1, 1, '2024-02-27 05:56:13', NULL, '2024-02-27 05:56:13'),
(221, 'UK10', 'WHITE', 'QK FROCK - CH3089 - UK10', 1, 157500, 'FCH3089', 1, 1, 35, 1, 1, '2024-02-27 05:56:50', NULL, '2024-02-27 05:56:50'),
(222, 'UK8', 'WHITE', 'QK FROCK - QK0317 - UK8', 1, 220500, 'FQK0317', 1, 1, 35, 1, 1, '2024-02-27 05:57:32', NULL, '2024-02-27 05:57:32'),
(223, 'UK12', 'WHITE', 'QK FROCK - QK0323 - UK12', 1, 273000, 'FQK0323', 1, 1, 35, 1, 1, '2024-02-27 05:58:34', NULL, '2024-02-27 05:58:34'),
(224, 'UK8', 'WHITE', 'QK FROCK - QK0313 - UK8', 1, 167300, 'FQK0313', 1, 1, 35, 1, 1, '2024-02-27 05:59:13', NULL, '2024-02-27 05:59:13'),
(225, 'UK10', 'WHITE', 'QK FROCK - QK0322 - UK10', 1, 273000, 'FQK0322', 1, 1, 35, 1, 1, '2024-02-27 06:01:41', NULL, '2024-02-27 06:01:41'),
(226, 'UK10', 'WHITE', 'QK FROCK - QK0321 - UK10', 1, 273000, 'FQK0321', 1, 1, 35, 1, 1, '2024-02-27 06:02:18', NULL, '2024-02-27 06:02:18'),
(227, 'UK10', 'WHITE', 'QK FROCK - QK0320 - UK10', 1, 220500, 'FQK0320', 1, 1, 35, 1, 1, '2024-02-27 06:03:12', NULL, '2024-02-27 06:03:12'),
(228, 'N/A', 'WHITE', 'QK FROCK - QK0327 ', 1, 273000, 'FQK0327', 1, 1, 35, 1, 1, '2024-02-27 06:03:57', NULL, '2024-02-27 06:03:57'),
(229, 'UK12', 'WHITE', 'QK FROCK - QK0304 - UK12', 1, 220500, 'FQK0304', 1, 1, 35, 1, 1, '2024-02-27 06:04:50', NULL, '2024-02-27 06:04:50'),
(230, 'UK8', 'WHITE', 'QK FROCK - SH2491 - UK8', 1, 144200, 'FSH2491', 1, 1, 35, 1, 1, '2024-02-27 06:05:41', NULL, '2024-02-27 06:05:41'),
(231, 'UK12', 'WHITE', 'QK FROCK - QK0320 - UK12', 1, 220500, 'FQK0320', 1, 1, 35, 1, 1, '2024-02-27 06:06:17', NULL, '2024-02-27 06:06:17'),
(232, 'UK12', 'WHITE', 'QK FROCK - QK0306 - UK12', 1, 220500, 'FQK0306', 1, 1, 35, 1, 1, '2024-02-27 06:06:50', NULL, '2024-02-27 06:06:50'),
(233, 'UK8', 'WHITE', 'QK FROCK - CH3110 - UK8', 1, 144200, 'FCH3110', 1, 1, 35, 1, 1, '2024-02-27 06:18:45', NULL, '2024-02-27 06:18:45'),
(234, 'UK14', 'WHITE', 'QK FROCK - QK0328 - UK14', 1, 273000, 'FQK0328', 1, 1, 35, 1, 1, '2024-02-27 06:19:31', NULL, '2024-02-27 06:19:31'),
(235, 'UK10', 'WHITE', 'QK FROCK - QK0312 - UK10', 1, 220500, 'FQK0312', 1, 1, 35, 1, 1, '2024-02-27 06:20:18', NULL, '2024-02-27 06:20:18'),
(236, 'UK12', 'WHITE', 'QK FROCK - QK0316 - UK12', 1, 220500, 'FQK0316', 1, 1, 35, 1, 1, '2024-02-27 06:23:07', NULL, '2024-02-27 06:23:07'),
(237, 'UK12', 'WHITE', 'QK FROCK - QK0308 - UK12', 1, 249199.99999999997, 'FQK0308', 1, 1, 35, 1, 1, '2024-02-27 06:23:48', NULL, '2024-02-27 06:23:48'),
(238, 'UK8', 'WHITE', 'QK FROCK - QK0315 - UK8', 1, 167300, 'FQK0315', 1, 1, 35, 1, 1, '2024-02-27 06:24:33', NULL, '2024-02-27 06:24:33'),
(239, 'UK10', 'WHITE', 'QK FROCK - CH3030 - UK10', 1, 157500, 'FCH3030', 1, 1, 35, 1, 1, '2024-02-27 06:37:01', NULL, '2024-02-27 06:37:01'),
(240, 'UK10', 'WHITE', 'QK FROCK - CH3027 - UK10', 1, 157500, 'FCH3027', 1, 1, 35, 1, 1, '2024-02-27 06:38:15', NULL, '2024-02-27 06:38:15'),
(241, 'UK10', 'WHITE', 'QK FROCK - QK0307 - UK10', 1, 249199.99999999997, 'FQK0307', 1, 1, 35, 1, 1, '2024-02-27 06:38:59', NULL, '2024-02-27 06:38:59'),
(242, 'UK10', 'WHITE', 'QK FROCK - QK0305 - UK10', 1, 167300, 'FQK0305', 1, 1, 35, 1, 1, '2024-02-27 06:39:36', NULL, '2024-02-27 06:39:36'),
(243, 'UK6', 'WHITE', 'QK FROCK - QK0326 - UK6', 1, 167300, 'FQK0326', 1, 1, 35, 1, 1, '2024-02-27 06:40:32', NULL, '2024-02-27 06:40:32'),
(244, 'UK10', 'WHITE', 'QK FROCK - QK0313 - UK10', 1, 167300, 'FQK0313', 1, 1, 35, 1, 1, '2024-02-27 06:41:11', NULL, '2024-02-27 06:41:11'),
(245, 'UK8', 'WHITE', 'QK FROCK - QK0301 - UK8', 1, 249199.99999999997, 'FQK0301', 1, 1, 35, 1, 1, '2024-02-27 06:43:41', NULL, '2024-02-27 06:43:41'),
(246, '92x74', 'WHITE', 'QK FROCK - SH2657 - 92x74', 1, 144200, 'FSH2657', 1, 1, 35, 1, 1, '2024-02-27 06:44:31', NULL, '2024-02-27 06:44:31'),
(247, 'UK10', 'WHITE', 'QK FROCK - CH3085 - UK10', 1, 129499.99999999999, 'FCH3085', 1, 1, 35, 1, 1, '2024-02-27 06:45:11', NULL, '2024-02-27 06:45:11'),
(248, 'UK10', 'WHITE', 'QK FROCK - CH3049 - UK10', 1, 157500, 'FCH3049', 1, 1, 35, 1, 1, '2024-02-27 06:45:51', NULL, '2024-02-27 06:45:51'),
(249, 'UK8', 'WHITE', 'QK FROCK - CH3045 - UK8', 1, 157500, 'FCH3045', 1, 1, 35, 1, 1, '2024-02-27 06:46:48', NULL, '2024-02-27 06:46:48'),
(250, 'UK12', 'WHITE', 'QK FROCK - QK0314 - UK12', 1, 167300, 'FQK0314', 1, 1, 35, 1, 1, '2024-02-27 06:47:38', NULL, '2024-02-27 06:47:38'),
(251, 'UK10', 'WHITE', 'QK FROCK - CH3041 - UK10', 1, 157500, 'FCH3041', 1, 1, 35, 1, 1, '2024-02-27 06:48:18', NULL, '2024-02-27 06:48:18'),
(252, 'UK10', 'WHITE', 'QK FROCK - QK0304 - UK10', 1, 220500, 'FQK0304', 1, 1, 35, 1, 1, '2024-02-27 06:48:54', NULL, '2024-02-27 06:48:54'),
(253, 'UK12', 'WHITE', 'QK FROCK - QK0327 - UK12', 1, 167300, 'FQK0327', 1, 1, 35, 1, 1, '2024-02-27 06:49:50', NULL, '2024-02-27 06:49:50'),
(254, 'UK10', 'WHITE', 'QK FROCK - QK0308 - UK10', 1, 249199.99999999997, 'FQK0308', 1, 1, 35, 1, 1, '2024-02-27 06:53:27', NULL, '2024-02-27 06:53:27'),
(255, 'UK10', 'WHITE', 'QK FROCK - QK0303 - UK10', 1, 167300, 'FQK0303', 1, 1, 35, 1, 1, '2024-02-27 06:54:01', NULL, '2024-02-27 06:54:01'),
(256, 'UK8', 'WHITE', 'QK FROCK - CH3118 - UK8', 1, 144200, 'FCH3118', 1, 1, 35, 1, 1, '2024-02-27 06:54:50', NULL, '2024-02-27 06:54:50'),
(257, 'UK8', 'WHITE', 'QK FROCK - QK0307 - UK8', 1, 249199.99999999997, 'FQK0307', 1, 1, 35, 1, 1, '2024-02-27 06:55:37', NULL, '2024-02-27 06:55:37'),
(258, 'UK8', 'WHITE', 'QK FROCK - FY223-5 - UK8', 1, 254099.99999999997, 'FY223-5', 1, 1, 35, 1, 1, '2024-02-27 06:56:13', NULL, '2024-02-27 06:56:13'),
(259, 'N/A', 'PEACH', 'QK GOWN - RS2', 1, 133000, 'QKFRS2', 1, 1, 35, 1, 1, '2024-02-27 06:59:28', NULL, '2024-02-27 06:59:28'),
(260, 'N/A', 'PINK', 'QK GOWN - G48', 1, 105000, 'QKFG48', 1, 1, 35, 1, 1, '2024-02-27 07:00:42', NULL, '2024-02-27 07:00:42'),
(261, 'N/A', 'PINK', 'QK GOWN - G46', 1, 105000, 'QKFG46', 1, 1, 35, 1, 1, '2024-02-27 07:02:07', NULL, '2024-02-27 07:02:07'),
(262, 'N/A', 'BEIGE', 'QK GOWN - T166', 1, 167300, 'QKFT166', 1, 1, 35, 1, 1, '2024-02-27 07:03:36', NULL, '2024-02-27 07:03:36'),
(263, 'N/A', 'PEACH', 'QK GOWN - G41', 1, 118999.99999999999, 'QKFG41', 1, 1, 35, 1, 1, '2024-02-27 07:05:38', NULL, '2024-02-27 07:05:38'),
(264, 'N/A', 'RED', 'QK GOWN - SG114', 1, 224000, 'LSG114', 1, 1, 35, 1, 1, '2024-02-27 07:06:39', NULL, '2024-02-27 07:06:39'),
(265, 'N/A', 'PURPLE', 'QK GOWN - QKIND1', 1, 133000, 'QKIND1', 1, 1, 35, 1, 1, '2024-02-27 07:07:39', NULL, '2024-02-27 07:07:39'),
(266, 'N/A', 'OLIVE', 'QK GOWN - G34', 1, 195300, 'QKFG34', 1, 1, 35, 1, 1, '2024-02-27 07:09:41', NULL, '2024-02-27 07:09:41'),
(267, '39', 'BROWN', 'QK CASUAL SHOES - 66001/2 - 39', 1, 33530, 'QK0409', 1, 2, 30, 1, 1, '2024-02-27 07:24:53', NULL, '2024-02-27 07:24:53'),
(268, '40', 'BROWN', 'QK CASUAL SHOES - 66001/2 - 40', 1, 33530, 'QK0409', 1, 2, 30, 1, 1, '2024-02-27 07:26:00', NULL, '2024-02-27 07:26:00'),
(269, '41', 'BROWN', 'QK CASUAL SHOES - 66001/2 - 41', 2, 33530, 'QK0409', 1, 2, 30, 1, 1, '2024-02-27 07:28:21', NULL, '2024-02-27 07:28:21'),
(270, '42', 'BROWN', 'QK CASUAL SHOES - 66001/2 - 42', 1, 33530, 'QK0409', 1, 2, 30, 1, 1, '2024-02-27 07:31:37', 1, '2024-03-30 07:44:37'),
(271, '43', 'BROWN', 'QK CASUAL SHOES - 66001/2 - 43', 2, 33530, 'QK0409', 1, 2, 30, 1, 1, '2024-02-27 07:32:27', NULL, '2024-02-27 07:32:27'),
(272, '44', 'BROWN', 'QK CASUAL SHOES - 66001/2 - 44', 1, 33530, 'QK0409', 1, 2, 30, 1, 1, '2024-02-27 07:33:15', NULL, '2024-02-27 07:33:15'),
(273, '39', 'BLACK', 'QK CASUAL SHOES - 21085 - 39', 1, 59499.99999999999, 'QK0401', 1, 2, 30, 1, 1, '2024-02-27 07:35:52', NULL, '2024-02-27 07:35:52'),
(274, '42', 'BLACK', 'QK CASUAL SHOES - 21085 - 42', 1, 59499.99999999999, 'QK0401', 1, 2, 30, 1, 1, '2024-02-27 07:37:14', NULL, '2024-02-27 07:37:14'),
(275, '43', 'BLACK', 'QK CASUAL SHOES - 21085 - 43', 1, 59499.99999999999, 'QK0401', 1, 2, 30, 1, 1, '2024-02-27 07:37:51', NULL, '2024-02-27 07:37:51'),
(276, '44', 'BLACK', 'QK CASUAL SHOES - 21085 - 44', 2, 59499.99999999999, 'QK0401', 1, 2, 30, 1, 1, '2024-02-27 07:38:29', NULL, '2024-02-27 07:38:29'),
(277, '39', 'BLACK', 'QK CASUAL SHOES - 66001-5 - 39', 1, 33530, 'QK0408', 1, 2, 30, 1, 1, '2024-02-27 07:45:56', 1, '2024-03-15 05:17:57'),
(278, '40', 'BLACK', 'QK CASUAL SHOES - 66001-5 - 40', 1, 33530, 'QK0408', 1, 2, 30, 1, 1, '2024-02-27 07:59:44', 1, '2024-03-15 05:18:21'),
(279, '41', 'BLACK', 'QK CASUAL SHOES - 66001-5 - 41', 1, 33530, 'QK0408', 1, 2, 30, 1, 1, '2024-02-27 08:06:37', 1, '2024-03-30 07:49:39'),
(280, '42', 'BLACK', 'QK CASUAL SHOES - 66001-5 - 42', 1, 33530, 'QK0408', 1, 2, 30, 1, 1, '2024-02-27 08:49:10', 1, '2024-03-15 05:18:59'),
(281, '43', 'BLACK', 'QK CASUAL SHOES - 66001-5 - 43', 2, 33530, 'QK0408', 1, 2, 30, 1, 1, '2024-02-27 09:03:25', 1, '2024-03-15 05:19:14'),
(282, '44', 'BLACK', 'QK CASUAL SHOES - 66001-5 - 44', 1, 33530, 'QK0408', 1, 2, 30, 1, 1, '2024-02-27 09:04:40', 1, '2024-03-30 07:50:18'),
(283, '39', 'D. BROWN', 'QK CASUAL SHOES - XL03 - 39', 1, 74900, 'QK0403', 1, 2, 30, 1, 1, '2024-02-27 09:07:04', NULL, '2024-02-27 09:07:04'),
(284, '40', 'D. BROWN', 'QK CASUAL SHOES - XL03 - 40', 1, 74900, 'QK0403', 1, 2, 30, 1, 1, '2024-02-27 09:07:56', NULL, '2024-02-27 09:07:56'),
(285, '41', 'D. BROWN', 'QK CASUAL SHOES - XL03 - 41', 1, 74900, 'QK0403', 1, 2, 30, 1, 1, '2024-02-27 09:08:57', NULL, '2024-02-27 09:08:57'),
(286, '42', 'D. BROWN', 'QK CASUAL SHOES - XL03 - 42', 2, 74900, 'QK0403', 1, 2, 30, 1, 1, '2024-02-27 09:09:49', NULL, '2024-02-27 09:09:49'),
(287, '43', 'D. BROWN', 'QK CASUAL SHOES - XL03 - 43', 1, 74900, 'QK0403', 1, 2, 30, 1, 1, '2024-02-27 09:10:42', 1, '2024-03-30 07:51:06'),
(288, '44', 'D. BROWN', 'QK CASUAL SHOES - XL03 - 44', 1, 74900, 'QK0403', 1, 2, 30, 1, 1, '2024-02-27 09:16:10', 1, '2024-03-30 07:50:55'),
(289, '39', 'COFFEE BROWN', 'QK CASUAL SHOES - 50132 - 39', 1, 33530, 'QK0405', 1, 2, 30, 1, 1, '2024-02-29 04:29:08', 1, '2024-05-16 08:35:58'),
(290, '40', 'COFFEE BROWN', 'QK CASUAL SHOES - 50132 - 40', 1, 33530, 'QK0405', 1, 2, 30, 1, 1, '2024-02-29 04:30:01', 1, '2024-05-16 08:36:25'),
(291, '41', 'COFFEE BROWN', 'QK CASUAL SHOES - 50132 - 41', 3, 33530, 'QK0405', 1, 2, 30, 1, 1, '2024-02-29 04:32:59', 1, '2024-05-16 08:36:47'),
(292, '42', 'COFFEE BROWN', 'QK CASUAL SHOES - 50132 - 42', 1, 33530, 'QK0405', 1, 2, 30, 1, 1, '2024-02-29 04:51:12', 1, '2024-05-16 08:37:17'),
(293, '43', 'COFFEE BROWN', 'QK CASUAL SHOES - 50132 - 43', 2, 33530, 'QK0405', 1, 2, 30, 1, 1, '2024-02-29 04:53:05', 1, '2024-05-16 08:37:38'),
(294, '44', 'COFFEE BROWN', 'QK CASUAL SHOES - 50132 - 44', 2, 33530, 'QK0405', 1, 2, 30, 1, 1, '2024-02-29 04:54:31', 1, '2024-05-16 08:37:58'),
(295, '39', 'L. BROWN', 'QK CASUAL SHOES - XL03 - 39', 1, 74900, 'QK0402', 1, 2, 30, 1, 1, '2024-02-29 04:57:22', NULL, '2024-02-29 04:57:22'),
(296, '40', 'L. BROWN', 'QK CASUAL SHOES - XL03 - 40', 1, 74900, 'QK0402', 1, 2, 30, 1, 1, '2024-02-29 06:52:37', NULL, '2024-02-29 06:52:37'),
(298, '42', 'L. BROWN', 'QK CASUAL SHOES - XL03 - 42', 1, 74900, 'QK0402', 1, 2, 30, 1, 1, '2024-02-29 06:54:04', NULL, '2024-02-29 06:54:04'),
(299, '43', 'L. BROWN', 'QK CASUAL SHOES - XL03 - 43', 2, 74900, 'QK0402', 1, 2, 30, 1, 1, '2024-02-29 06:54:47', NULL, '2024-02-29 06:54:47'),
(300, '44', 'L. BROWN', 'QK CASUAL SHOES - XL03 - 44', 1, 74900, 'QK0402', 1, 2, 30, 1, 1, '2024-02-29 06:55:29', 1, '2024-03-30 08:56:45'),
(301, '39', 'WHITE', 'QK CASUAL SHOES - 66001/6 - 39', 1, 33530, 'QK0407', 1, 2, 30, 1, 1, '2024-02-29 06:56:22', NULL, '2024-02-29 06:56:22'),
(302, '40', 'WHITE', 'QK CASUAL SHOES - 66001/6 - 40', 1, 33530, 'QK0407', 1, 2, 30, 1, 1, '2024-02-29 06:57:19', NULL, '2024-02-29 06:57:19'),
(303, '41', 'WHITE', 'QK CASUAL SHOES - 66001/6 - 41', 1, 33530, 'QK0407', 1, 2, 30, 1, 1, '2024-02-29 06:58:04', 1, '2024-03-30 08:57:58'),
(304, '42', 'WHITE', 'QK CASUAL SHOES - 66001/6 - 42', 2, 33530, 'QK0407', 1, 2, 30, 1, 1, '2024-02-29 06:58:54', 1, '2024-05-16 08:34:49'),
(305, '43', 'WHITE', 'QK CASUAL SHOES - 66001/6 - 43', 1, 33530, 'QK0407', 1, 2, 30, 1, 1, '2024-02-29 06:59:32', 1, '2024-03-30 08:58:22'),
(306, '44', 'WHITE', 'QK CASUAL SHOES - 66001/6 - 44', 1, 33530, 'QK0407', 1, 2, 30, 1, 1, '2024-02-29 07:00:08', 1, '2024-03-30 08:58:34'),
(307, '39', 'WHITE', 'QK CASUAL SHOES - 3310 - 39', 1, 17465, 'QK0406', 1, 2, 30, 1, 1, '2024-02-29 07:01:01', NULL, '2024-02-29 07:01:01'),
(308, '40', 'WHITE', 'QK CASUAL SHOES - 3310 - 40', 1, 17465, 'QK0406', 1, 2, 30, 1, 1, '2024-02-29 07:02:02', NULL, '2024-02-29 07:02:02'),
(309, '43', 'WHITE', 'QK CASUAL SHOES - 3310 - 41', 3, 17465, 'QK0406', 1, 2, 30, 1, 1, '2024-02-29 07:02:47', NULL, '2024-02-29 07:02:47'),
(310, '42', 'WHITE', 'QK CASUAL SHOES - 3310 - 42', 2, 17465, 'QK0406', 1, 2, 30, 1, 1, '2024-02-29 07:04:20', NULL, '2024-02-29 07:04:20'),
(311, '43', 'WHITE', 'QK CASUAL SHOES - 3310 - 43', 2, 17465, 'QK0406', 1, 2, 30, 1, 1, '2024-02-29 07:05:01', NULL, '2024-02-29 07:05:01'),
(312, '39', 'BLACK', 'QK CASUAL SHOES - 50132 - 39', 1, 33530, 'QK0404', 1, 2, 30, 1, 1, '2024-02-29 07:05:51', NULL, '2024-02-29 07:05:51'),
(313, '40', 'BLACK', 'QK CASUAL SHOES - 50132 - 40', 1, 33530, 'QK0404', 1, 2, 30, 1, 1, '2024-02-29 07:12:06', NULL, '2024-02-29 07:12:06'),
(314, '41', 'BLACK', 'QK CASUAL SHOES - 50132 - 41', 2, 33530, 'QK0404', 1, 2, 30, 1, 1, '2024-02-29 07:12:49', NULL, '2024-02-29 07:12:49'),
(315, '42', 'BLACK', 'QK CASUAL SHOES - 50132 - 42', 1, 33530, 'QK0404', 1, 2, 30, 1, 1, '2024-02-29 07:13:24', NULL, '2024-02-29 07:13:24'),
(316, '43', 'BLACK', 'QK CASUAL SHOES - 50132 - 43', 1, 33530, 'QK0404', 1, 2, 30, 1, 1, '2024-02-29 07:15:36', 1, '2024-03-30 09:02:13'),
(317, '44', 'BLACK', 'QK CASUAL SHOES - 50132 - 44', 1, 33530, 'QK0404', 1, 2, 30, 1, 1, '2024-02-29 07:16:34', 1, '2024-03-30 09:02:24'),
(318, '41', 'BROWN', 'QK FORMAL SHOES - B717 -BR - 41', 1, 27300, 'QKSHB717', 1, 2, 19, 1, 1, '2024-02-29 08:48:26', 1, '2024-03-30 09:04:00'),
(319, '42', 'BROWN', 'QK FORMAL SHOES - B717 -BR - 42', 1, 27300, 'QKSHB717', 1, 2, 19, 1, 1, '2024-02-29 08:51:20', 1, '2024-03-30 09:04:22'),
(320, '43', 'BROWN', 'QK FORMAL SHOES - B717 -BR - 43', 2, 27300, 'QKSHB717', 1, 2, 19, 1, 1, '2024-02-29 08:52:48', NULL, '2024-02-29 08:52:48'),
(321, '44', 'BROWN', 'QK FORMAL SHOES - B717 -BR - 44', 1, 27300, 'QKSHB717', 1, 2, 19, 1, 1, '2024-02-29 08:53:25', NULL, '2024-02-29 08:53:25'),
(322, '41', 'BLACK', 'QK FORMAL SHOES - B717 -BL - 41', 2, 27300, 'QKSHB717', 1, 2, 19, 1, 1, '2024-02-29 08:54:43', 1, '2024-03-30 09:04:56'),
(323, '42', 'BLACK', 'QK FORMAL SHOES - B717 -BL - 42', 1, 27300, 'QKSHB717', 1, 2, 19, 1, 1, '2024-02-29 08:55:48', 1, '2024-03-30 09:05:19'),
(324, '43', 'BLACK', 'QK FORMAL SHOES - B717 -BL - 43', 3, 27300, 'QKSHB717', 1, 2, 19, 1, 1, '2024-02-29 08:57:58', NULL, '2024-02-29 08:57:58'),
(326, '42', 'WINE RED', 'QK FORMAL SHOES - B717 -WR - 42', 1, 27300, 'QKSHB717', 1, 2, 19, 1, 1, '2024-02-29 08:59:31', 1, '2024-03-30 09:10:53'),
(327, '43', 'WINE RED', 'QK FORMAL SHOES - B717 -WR - 43', 2, 27300, 'QKSHB717', 1, 2, 19, 1, 1, '2024-02-29 09:01:12', 1, '2024-03-30 09:09:33'),
(328, '44', 'WINE RED', 'QK FORMAL SHOES - B717 -WR - 44', 3, 27300, 'QKSHB717', 1, 2, 19, 1, 1, '2024-02-29 09:01:53', NULL, '2024-02-29 09:01:53'),
(329, '41', 'BROWN', 'QK FORMAL SHOES - B716 -BR - 41', 1, 48300, 'QKSHB716', 1, 2, 19, 1, 1, '2024-02-29 09:02:42', 1, '2024-03-30 09:12:37'),
(330, '42', 'BROWN', 'QK FORMAL SHOES - B716 -BR - 42', 2, 48300, 'QKSHB716', 1, 2, 19, 1, 1, '2024-02-29 09:03:24', 1, '2024-03-30 09:13:22'),
(331, '43', 'BROWN', 'QK FORMAL SHOES - B716 -BR - 43', 3, 48300, 'QKSHB716', 1, 2, 19, 1, 1, '2024-02-29 09:04:03', NULL, '2024-02-29 09:04:03'),
(332, '44', 'BROWN', 'QK FORMAL SHOES - B716 -BR - 44', 2, 48300, 'QKSHB716', 1, 2, 19, 1, 1, '2024-02-29 09:04:47', 1, '2024-03-30 09:13:47'),
(334, '42', 'BLACK', 'QK FORMAL SHOES - B716 -BL - 42', 2, 48300, 'QKSHB716', 1, 2, 19, 1, 1, '2024-02-29 09:06:21', 1, '2024-03-30 09:16:11'),
(335, '43', 'BLACK', 'QK FORMAL SHOES - B716 -BL - 43', 2, 48300, 'QKSHB716', 1, 2, 19, 1, 1, '2024-02-29 09:07:21', NULL, '2024-02-29 09:07:21'),
(336, '41', 'WINE RED', 'QK FORMAL SHOES - B716 -WR - 41', 2, 48300, 'QKSHB716', 1, 2, 19, 1, 1, '2024-02-29 09:10:17', 1, '2024-03-30 09:16:41'),
(337, '42', 'WINE RED', 'QK FORMAL SHOES - B716 -WR - 42', 1, 48300, 'QKSHB716', 1, 2, 19, 1, 1, '2024-02-29 09:11:44', NULL, '2024-02-29 09:11:44'),
(338, '43', 'WINE RED', 'QK FORMAL SHOES - B716 -WR - 43', 1, 48300, 'QKSHB716', 1, 2, 19, 1, 1, '2024-02-29 09:12:29', 1, '2024-03-30 09:17:14'),
(340, '41', 'BROWN', 'QK FORMAL SHOES - K66 -BR - 41', 2, 34300, 'QKSHK66', 1, 2, 19, 1, 1, '2024-02-29 09:14:46', NULL, '2024-02-29 09:14:46'),
(341, '42', 'BROWN', 'QK FORMAL SHOES - K66 -BR - 42', 2, 34300, 'QKSHK66', 1, 2, 19, 1, 1, '2024-02-29 09:15:39', NULL, '2024-02-29 09:15:39'),
(342, '43', 'BROWN', 'QK FORMAL SHOES - K66 -BR - 43', 2, 34300, 'QKSHK66', 1, 2, 19, 1, 1, '2024-02-29 09:33:05', NULL, '2024-02-29 09:33:05'),
(343, '44', 'BROWN', 'QK FORMAL SHOES - K66 -BR - 44', 4, 34300, 'QKSHK66', 1, 2, 19, 1, 1, '2024-02-29 09:33:47', NULL, '2024-02-29 09:33:47'),
(344, '41', 'BLACK', 'QK FORMAL SHOES - K66 -BL - 41', 2, 34300, 'QKSHK66', 1, 2, 19, 1, 1, '2024-02-29 09:34:31', 1, '2024-03-30 09:18:59'),
(345, '42', 'BLACK', 'QK FORMAL SHOES - K66 -BL - 42', 1, 34300, 'QKSHK66', 1, 2, 19, 1, 1, '2024-02-29 09:35:16', 1, '2024-03-30 09:19:45'),
(346, '43', 'BLACK', 'QK FORMAL SHOES - K66 -BL - 43', 1, 34300, 'QKSHK66', 1, 2, 19, 1, 1, '2024-02-29 09:35:57', 1, '2024-03-30 09:20:10'),
(347, '44', 'BLACK', 'QK FORMAL SHOES - K66 -BL - 44', 1, 34300, 'QKSHK66', 1, 2, 19, 1, 1, '2024-02-29 09:36:42', 1, '2024-03-30 09:20:54'),
(348, '41', 'WINE RED', 'QK FORMAL SHOES - K66 -WR - 41', 2, 34300, 'QKSHK66', 1, 2, 19, 1, 1, '2024-02-29 09:37:19', NULL, '2024-02-29 09:37:19'),
(349, '42', 'WINE RED', 'QK FORMAL SHOES - K66 -WR - 42', 1, 34300, 'QKSHK66', 1, 2, 19, 1, 1, '2024-02-29 09:38:17', 1, '2024-03-30 09:21:16'),
(350, '43', 'WINE RED', 'QK FORMAL SHOES - K66 -WR - 43', 1, 34300, 'QKSHK66', 1, 2, 19, 1, 1, '2024-02-29 09:39:08', 1, '2024-03-30 09:21:39'),
(351, '44', 'WINE RED', 'QK FORMAL SHOES - K66 -WR - 44', 1, 34300, 'QKSHK66', 1, 2, 19, 1, 1, '2024-02-29 09:39:55', 1, '2024-03-30 09:21:56'),
(352, '39', 'BROWN', 'QK SLIPPER - QK501/301 -39 - BR', 2, 27300, 'QK0501-39', 1, 2, 31, 1, 1, '2024-02-29 10:11:42', 1, '2024-03-30 06:59:13'),
(353, '40', 'BROWN', 'QK SLIPPER - QK0501/301 - 40 - BR', 1, 27300, 'QK0501-40', 1, 2, 31, 1, 1, '2024-02-29 10:12:58', 1, '2024-03-30 06:59:48'),
(354, '41', 'BROWN', 'QK SLIPPER - QK0501/301 - 41 - BR', 3, 27300, 'QK0501-41', 1, 2, 31, 1, 1, '2024-02-29 10:14:10', 1, '2024-03-04 04:18:30'),
(355, '42', 'BROWN', 'QK SLIPPERS - QK0501/301 - 42 - BR', 2, 27300, 'QK0501-42', 1, 2, 31, 1, 1, '2024-02-29 10:14:53', 1, '2024-03-30 07:00:13'),
(356, '43', 'BROWN', 'QK SLIPPERS - QK0501/301 - 43 - BR', 2, 27300, 'QK0501-43', 1, 2, 31, 1, 1, '2024-02-29 10:15:39', 1, '2024-03-30 07:01:09'),
(357, '44', 'BROWN', 'QK SLIPPERS - QK0501/301 - 44 - BR', 2, 27300, 'QK0501-44', 1, 2, 31, 1, 1, '2024-02-29 10:18:32', 1, '2024-03-30 07:36:45'),
(358, 'N/A', 'N/A', 'QK CUFFLINKS - QKCF01', 7, 12950, 'QKCF01', 1, 2, 25, 1, 1, '2024-02-29 10:35:30', NULL, '2024-02-29 10:35:30'),
(359, 'N/A', 'N/A', 'QK CUFFLINKS - QKCF2/8', 11, 9450, 'QKCF2/8', 1, 2, 25, 1, 1, '2024-02-29 10:36:16', NULL, '2024-02-29 10:36:16'),
(360, 'N/A', 'N/A', 'QK CUFFLINKS - QKCF03', 6, 22400, 'QKCF03', 1, 2, 25, 1, 1, '2024-02-29 10:36:58', NULL, '2024-02-29 10:36:58'),
(361, 'N/A', 'N/A', 'QK CUFFLINKS - QKCF04', 4, 9450, 'QKCF04', 1, 2, 25, 1, 1, '2024-02-29 10:38:32', NULL, '2024-02-29 10:38:32'),
(362, 'N/A', 'N/A', 'QK CUFFLINKS - QKCF5/9', 5, 15399.999999999998, 'QKCF5/9', 1, 2, 25, 1, 1, '2024-02-29 10:39:21', NULL, '2024-02-29 10:39:21'),
(363, 'N/A', 'N/A', 'QK CUFFLINKS - QKCF06', 6, 22400, 'QKCF06', 1, 2, 25, 1, 1, '2024-02-29 11:27:18', NULL, '2024-02-29 11:27:18'),
(364, 'N/A', 'N/A', 'QK CUFFLINKS - QKCF07', 8, 6090, 'QKCF07', 1, 2, 25, 1, 1, '2024-02-29 11:28:01', NULL, '2024-02-29 11:28:01'),
(365, 'N/A', 'N/A', 'QK CUFFLINKS - QKCF10', 5, 12950, 'QKCF10', 1, 2, 25, 1, 1, '2024-02-29 11:28:59', NULL, '2024-02-29 11:28:59'),
(366, 'N/A', 'N/A', 'QK CUFFLINKS - QKCF11', 5, 15399.999999999998, 'QKCF11', 1, 2, 25, 1, 1, '2024-02-29 11:30:32', NULL, '2024-02-29 11:30:32'),
(367, 'N/A', 'N/A', 'QK CUFFLINKS - QKCF12', 7, 6650, 'QKCF12', 1, 2, 25, 1, 1, '2024-02-29 11:31:05', NULL, '2024-02-29 11:31:05'),
(368, 'N/A', 'N/A', 'QK CUFFLINKS - QKCF13', 10, 6650, 'QKCF13', 1, 2, 25, 1, 1, '2024-02-29 11:31:40', NULL, '2024-02-29 11:31:40'),
(369, 'N/A', 'N/A', 'QK CUFFLINKS - QKCF14', 10, 6650, 'QKCF14', 1, 2, 25, 1, 1, '2024-02-29 11:32:21', NULL, '2024-02-29 11:32:21'),
(370, 'N/A', 'N/A', 'QK CUFFLINKS - QKCF15', 5, 12600, 'QKCF15', 1, 2, 25, 1, 1, '2024-02-29 11:32:53', NULL, '2024-02-29 11:32:53'),
(371, 'N/A', 'N/A', 'QK CUFFLINKS - QKCF16', 8, 12600, 'QKCF16', 1, 2, 25, 1, 1, '2024-02-29 11:35:35', NULL, '2024-02-29 11:35:35'),
(372, 'N/A', 'N/A', 'QK CUFFLINKS - QKCF17', 9, 6650, 'QKCF17', 1, 2, 25, 1, 1, '2024-02-29 11:36:51', NULL, '2024-02-29 11:36:51'),
(373, 'N/A', 'N/A', 'QK CUFFLINKS - QKCF18', 8, 6650, 'QKCF18', 1, 2, 25, 1, 1, '2024-02-29 11:37:25', NULL, '2024-02-29 11:37:25'),
(374, 'N/A', 'N/A', 'QK CUFFLINKS - QKCF19', 7, 4830, 'QKCF19', 1, 2, 25, 1, 1, '2024-02-29 11:38:17', NULL, '2024-02-29 11:38:17'),
(375, 'N/A', 'N/A', 'QK CUFFLINKS - QKCF20', 5, 6090, 'QKCF20', 1, 2, 25, 1, 1, '2024-02-29 11:38:56', NULL, '2024-02-29 11:38:56'),
(376, 'N/A', 'N/A', 'QK CUFFLINKS - QKCF21', 7, 12600, 'QKCF21', 1, 2, 25, 1, 1, '2024-02-29 11:39:29', NULL, '2024-02-29 11:39:29'),
(377, 'N/A', 'N/A', 'QK CUFFLINKS - QKCF22', 6, 4830, 'QKCF22', 1, 2, 25, 1, 1, '2024-02-29 11:40:05', NULL, '2024-02-29 11:40:05'),
(378, 'N/A', 'N/A', 'QK CUFFLINKS - QKCF23', 7, 12600, 'QKCF23', 1, 2, 25, 1, 1, '2024-02-29 11:40:37', NULL, '2024-02-29 11:40:37'),
(379, 'N/A', 'N/A', 'QK CUFFLINKS - QKCF24', 6, 6650, 'QKCF24', 1, 2, 25, 1, 1, '2024-02-29 11:41:16', NULL, '2024-02-29 11:41:16'),
(380, 'N/A', 'N/A', 'QK CUFFLINKS - QKCF25', 8, 4830, 'QKCF25', 1, 2, 25, 1, 1, '2024-02-29 11:41:51', NULL, '2024-02-29 11:41:51'),
(381, 'N/A', 'N/A', 'QK TIE - QKT01-1', 2, 4830, 'QKT01-1', 1, 2, 32, 1, 1, '2024-03-01 04:30:34', NULL, '2024-03-01 04:30:34'),
(382, 'N/A', 'N/A', 'QK TIE - QKT01-2', 1, 4830, 'QKT01-2', 1, 2, 32, 1, 1, '2024-03-01 04:31:12', NULL, '2024-03-01 04:31:12'),
(383, 'N/A', 'N/A', 'QK TIE - QKT01-3', 1, 4830, 'QKT01-3', 1, 2, 32, 1, 1, '2024-03-01 04:32:53', NULL, '2024-03-01 04:32:53'),
(384, 'N/A', 'N/A', 'QK TIE - QKT01-5', 1, 4830, 'QKT01-5', 1, 2, 32, 1, 1, '2024-03-01 04:33:59', NULL, '2024-03-01 04:33:59'),
(385, 'N/A', 'N/A', 'QK TIE - QKT01-6', 1, 4830, 'QKT01-6', 1, 2, 32, 1, 1, '2024-03-01 04:34:37', NULL, '2024-03-01 04:34:37'),
(386, 'N/A', 'N/A', 'QK TIE - QKT01-7', 1, 4830, 'QKT01-7', 1, 2, 32, 1, 1, '2024-03-01 05:10:21', NULL, '2024-03-01 05:10:21'),
(387, 'N/A', 'N/A', 'QK TIE - QKT01-8', 1, 4830, 'QKT01-8', 1, 2, 32, 1, 1, '2024-03-01 05:12:41', NULL, '2024-03-01 05:12:41'),
(388, 'N/A', 'N/A', 'QK TIE - QKT01-11', 1, 4830, 'QKT01-11', 1, 2, 32, 1, 1, '2024-03-01 05:13:58', NULL, '2024-03-01 05:13:58'),
(389, 'N/A', 'N/A', 'QK TIE - QKT01-12', 1, 4830, 'QKT01-12', 1, 2, 32, 1, 1, '2024-03-01 05:15:08', NULL, '2024-03-01 05:15:08'),
(390, 'N/A', 'N/A', 'QK TIE - QKT01-15', 1, 4830, 'QKT01-15', 1, 2, 32, 1, 1, '2024-03-01 05:15:53', NULL, '2024-03-01 05:15:53'),
(391, 'N/A', 'N/A', 'QK TIE - QKT01-19', 1, 4830, 'QKT01-19', 1, 2, 32, 1, 1, '2024-03-01 05:16:43', NULL, '2024-03-01 05:16:43'),
(392, 'N/A', 'N/A', 'QK TIE - QKT01-20', 1, 4830, 'QKT01-20', 1, 2, 32, 1, 1, '2024-03-01 05:17:33', NULL, '2024-03-01 05:17:33'),
(393, 'N/A', 'N/A', 'QK TIE - QKT01-23', 1, 4830, 'QKT01-23', 1, 2, 32, 1, 1, '2024-03-01 05:18:22', NULL, '2024-03-01 05:18:22'),
(394, 'N/A', 'N/A', 'QK TIE - QKT01-24', 1, 4830, 'QKT01-24', 1, 2, 32, 1, 1, '2024-03-01 05:19:11', NULL, '2024-03-01 05:19:11'),
(395, 'N/A', 'N/A', 'QK TIE - QKT01-28', 1, 4830, 'QKT01-28', 1, 2, 32, 1, 1, '2024-03-01 05:20:00', NULL, '2024-03-01 05:20:00'),
(396, 'N/A', 'N/A', 'QK TIE - QKT02-1', 2, 6650, 'QKT02-1', 1, 2, 32, 1, 1, '2024-03-01 05:25:05', NULL, '2024-03-01 05:25:05'),
(397, 'N/A', 'N/A', 'QK TIE - QKT02-2', 1, 6650, 'QKT02-2', 1, 2, 32, 1, 1, '2024-03-01 05:25:54', NULL, '2024-03-01 05:25:54'),
(398, 'N/A', 'N/A', 'QK TIE - QKT02-3', 1, 6650, 'QKT02-3', 1, 2, 32, 1, 1, '2024-03-01 05:26:44', NULL, '2024-03-01 05:26:44'),
(399, 'N/A', 'N/A', 'QK TIE - QKT02-4', 1, 6650, 'QKT02-4', 1, 2, 32, 1, 1, '2024-03-01 05:27:56', NULL, '2024-03-01 05:27:56'),
(400, 'N/A', 'N/A', 'QK TIE - QKT02-5', 1, 6650, 'QKT02-5', 1, 2, 32, 1, 1, '2024-03-01 05:28:41', NULL, '2024-03-01 05:28:41'),
(401, 'N/A', 'N/A', 'QK TIE - QKT02-6', 1, 6650, 'QKT02-6', 1, 2, 32, 1, 1, '2024-03-01 05:29:48', NULL, '2024-03-01 05:29:48'),
(402, 'N/A', 'N/A', 'QK TIE - QKT02-7', 2, 6650, 'QKT02-7', 1, 2, 32, 1, 1, '2024-03-01 05:30:36', 1, '2024-04-03 08:07:33'),
(403, 'N/A', 'N/A', 'QK TIE - QKT02-8', 1, 6650, 'QKT02-8', 1, 2, 32, 1, 1, '2024-03-01 05:32:51', NULL, '2024-03-01 05:32:51'),
(404, 'N/A', 'N/A', 'QK TIE - QKT02-9', 1, 6650, 'QKT02-9', 1, 2, 32, 1, 1, '2024-03-01 05:34:04', NULL, '2024-03-01 05:34:04'),
(405, 'N/A', 'N/A', 'QK TIE - QKT02-10', 1, 6650, 'QKT02-10', 1, 2, 32, 1, 1, '2024-03-01 05:35:50', NULL, '2024-03-01 05:35:50'),
(406, 'N/A', 'N/A', 'QK TIE - QKT02-11', 2, 6650, 'QKT02-11', 1, 2, 32, 1, 1, '2024-03-01 05:36:20', NULL, '2024-03-01 05:36:20'),
(407, 'N/A', 'N/A', 'QK TIE - QKT02-12', 1, 6650, 'QKT02-12', 1, 2, 32, 1, 1, '2024-03-01 05:39:00', NULL, '2024-03-01 05:39:00'),
(408, 'N/A', 'N/A', 'QK TIE - QKT02-13', 2, 6650, 'QKT02-13', 1, 2, 32, 1, 1, '2024-03-01 05:39:42', NULL, '2024-03-01 05:39:42'),
(409, 'N/A', 'N/A', 'QK TIE - QKT02-14', 1, 6650, 'QKT02-14', 1, 2, 32, 1, 1, '2024-03-01 05:40:16', NULL, '2024-03-01 05:40:16'),
(410, 'N/A', 'N/A', 'QK TIE - QKT02-15', 1, 6650, 'QKT02-15', 1, 2, 32, 1, 1, '2024-03-01 05:40:43', NULL, '2024-03-01 05:40:43'),
(411, 'N/A', 'N/A', 'QK TIE - QKT02-16', 5, 6650, 'QKT02-16', 1, 2, 32, 1, 1, '2024-03-01 05:41:54', NULL, '2024-03-01 05:41:54'),
(412, 'N/A', 'N/A', 'QK TIE - QKT02-17', 1, 6650, 'QKT02-17', 1, 2, 32, 1, 1, '2024-03-01 05:43:37', NULL, '2024-03-01 05:43:37'),
(413, 'N/A', 'N/A', 'QK TIE - QKT02-18', 1, 6650, 'QKT02-18', 1, 2, 32, 1, 1, '2024-03-01 05:44:33', NULL, '2024-03-01 05:44:33'),
(415, 'N/A', 'N/A', 'QK TIE - QKT02-20', 6, 6650, 'QKT02-20', 1, 2, 32, 1, 1, '2024-03-01 05:47:21', NULL, '2024-03-01 05:47:21'),
(416, 'N/A', 'N/A', 'QK TIE - QKT02-21', 1, 6650, 'QKT02-21', 1, 2, 32, 1, 1, '2024-03-01 05:47:57', NULL, '2024-03-01 05:47:57'),
(417, 'N/A', 'N/A', 'QK TIE - QKT02-22', 1, 6650, 'QKT02-22', 1, 2, 32, 1, 1, '2024-03-01 05:48:44', NULL, '2024-03-01 05:48:44'),
(418, 'N/A', 'N/A', 'QK TIE - QKT03-1', 5, 9030, 'QKT03-1', 1, 2, 32, 1, 1, '2024-03-01 05:50:54', 1, '2024-04-03 08:08:13'),
(419, 'N/A', 'N/A', 'QK TIE - QKT03-3', 2, 9030, 'QKT03-3', 1, 2, 32, 1, 1, '2024-03-01 05:55:21', NULL, '2024-03-01 05:55:21'),
(420, 'N/A', 'N/A', 'QK TIE - QKT04-1', 5, 18550, 'QKT04-1', 1, 2, 32, 1, 1, '2024-03-01 05:56:01', NULL, '2024-03-01 05:56:01'),
(421, 'N/A', 'N/A', 'QK TIE - QKT04-2', 4, 18550, 'QKT04-2', 1, 2, 32, 1, 1, '2024-03-01 05:56:35', NULL, '2024-03-01 05:56:35'),
(422, 'N/A', 'N/A', 'QK TIE - QKT04-3', 4, 18550, 'QKT04-3', 1, 2, 32, 1, 1, '2024-03-01 05:57:10', NULL, '2024-03-01 05:57:10'),
(423, 'N/A', 'N/A', 'QK TIE - QKT04-4', 5, 18550, 'QKT04-4', 1, 2, 32, 1, 1, '2024-03-01 05:57:42', NULL, '2024-03-01 05:57:42'),
(424, 'N/A', 'N/A', 'QK TIE - QKT05-1', 4, 26593, 'QKT05-1', 1, 2, 32, 1, 1, '2024-03-01 05:58:18', NULL, '2024-03-01 05:58:18'),
(425, 'N/A', 'N/A', 'QK TIE - QKT05-2', 5, 26593, 'QKT05-2', 1, 2, 32, 1, 1, '2024-03-01 05:58:54', NULL, '2024-03-01 05:58:54'),
(426, 'N/A', 'N/A', 'QK TIE - QKT05-3', 3, 26593, 'QKT05-3', 1, 2, 32, 1, 1, '2024-03-01 05:59:25', NULL, '2024-03-01 05:59:25'),
(427, '14.5', 'REGULAR', 'QK SHIRT ZT110-01 - R - 14.5', 1, 20300, 'SZT110-01', 1, 2, 20, 1, 1, '2024-03-02 08:47:13', NULL, '2024-03-02 08:47:13'),
(428, '15', 'REGULAR', 'QK SHIRT ZT110-01 - R - 15', 6, 20300, 'SZT110-01', 1, 2, 20, 1, 1, '2024-03-02 08:49:02', NULL, '2024-03-02 08:49:02'),
(429, '15.5', 'REGULAR', 'QK SHIRT ZT110-01 - R - 15.5', 13, 20300, 'SZT110-01', 1, 2, 20, 1, 1, '2024-03-02 08:49:54', NULL, '2024-03-02 08:49:54'),
(430, '16', 'REGULAR', 'QK SHIRT ZT110-01 - R - 16', 6, 20300, 'SZT110-01', 1, 2, 20, 1, 1, '2024-03-02 08:50:55', NULL, '2024-03-02 08:50:55'),
(431, '16.5', 'REGULAR', 'QK SHIRT ZT110-01 - R - 16.5', 4, 20300, 'SZT110-01', 1, 2, 20, 1, 1, '2024-03-02 08:51:42', NULL, '2024-03-02 08:51:42'),
(432, '17', 'REGULAR', 'QK SHIRT ZT110-01 - R - 17', 1, 20300, 'SZT110-01', 1, 2, 20, 1, 1, '2024-03-02 08:52:23', NULL, '2024-03-02 08:52:23'),
(433, '17.5', 'REGULAR', 'QK SHIRT ZT110-01 - R - 17.5', 1, 20300, 'SZT110-01', 1, 2, 20, 1, 1, '2024-03-02 08:54:31', NULL, '2024-03-02 08:54:31'),
(434, '14.5', 'SLIM', 'QK SHIRT ZT110-01 - S - 14.5', 1, 20300, 'SZT110-01', 1, 2, 20, 1, 1, '2024-03-02 08:55:14', NULL, '2024-03-02 08:55:14'),
(435, '15', 'SLIM', 'QK SHIRT ZT110-01 - S - 15', 6, 20300, 'SZT110-01', 1, 2, 20, 1, 1, '2024-03-02 08:59:36', NULL, '2024-03-02 08:59:36'),
(436, '15.5', 'SLIM', 'QK SHIRT ZT110-01 - S - 15.5', 13, 20300, 'SZT110-01', 1, 2, 20, 1, 1, '2024-03-02 09:01:31', NULL, '2024-03-02 09:01:31'),
(437, '16', 'SLIM', 'QK SHIRT ZT110-01 - S - 16', 8, 20300, 'SZT110-01', 1, 2, 20, 1, 1, '2024-03-02 09:02:18', NULL, '2024-03-02 09:02:18'),
(438, '16.5', 'SLIM', 'QK SHIRT ZT110-01 - S - 16.5', 4, 20300, 'SZT110-01', 1, 2, 20, 1, 1, '2024-03-02 09:03:07', NULL, '2024-03-02 09:03:07'),
(439, '17', 'SLIM', 'QK SHIRT ZT110-01 - S - 17', 1, 20300, 'SZT110-01', 1, 2, 20, 1, 1, '2024-03-02 09:12:43', NULL, '2024-03-02 09:12:43'),
(440, '14.5', 'REGULAR', 'QK SHIRT ZT110-02 - R - 14.5', 1, 20300, 'SZT110-02', 1, 2, 20, 1, 1, '2024-03-02 10:46:06', NULL, '2024-03-02 10:46:06'),
(441, '15.5', 'REGULAR', 'QK SHIRT ZT110-02 - R - 15.5', 2, 20300, 'SZT110-02', 1, 2, 20, 1, 1, '2024-03-02 10:46:45', NULL, '2024-03-02 10:46:45'),
(442, '16', 'REGULAR', 'QK SHIRT ZT110-02 - R - 16', 3, 20300, 'SZT110-02', 1, 2, 20, 1, 1, '2024-03-02 10:47:40', NULL, '2024-03-02 10:47:40'),
(443, '16.5', 'REGULAR', 'QK SHIRT ZT110-02 - R - 16.5', 1, 20300, 'SZT110-02', 1, 2, 20, 1, 1, '2024-03-02 10:50:10', NULL, '2024-03-02 10:50:10'),
(444, '17.5', 'REGULAR', 'QK SHIRT ZT110-02 - R - 17.5', 1, 20300, 'SZT110-02', 1, 2, 20, 1, 1, '2024-03-02 10:50:49', NULL, '2024-03-02 10:50:49'),
(445, '14.5', 'SLIM', 'QK SHIRT ZT110-02 - S - 14.5', 1, 20300, 'SZT110-02', 1, 2, 20, 1, 1, '2024-03-02 10:51:42', NULL, '2024-03-02 10:51:42'),
(446, '15', 'SLIM', 'QK SHIRT ZT110-02 - S - 15', 1, 20300, 'SZT110-02', 1, 2, 20, 1, 1, '2024-03-02 10:52:26', NULL, '2024-03-02 10:52:26'),
(447, '15.5', 'SLIM', 'QK SHIRT ZT110-02 - S - 15.5', 2, 20300, 'SZT110-02', 1, 2, 20, 1, 1, '2024-03-02 10:52:59', NULL, '2024-03-02 10:52:59'),
(448, '16.5', 'SLIM', 'QK SHIRT ZT110-02 - S - 16.5', 3, 20300, 'SZT110-02', 1, 2, 20, 1, 1, '2024-03-02 10:54:10', NULL, '2024-03-02 10:54:10'),
(449, '17', 'SLIM', 'QK SHIRT ZT110-02 - S - 17', 1, 20300, 'SZT110-02', 1, 2, 20, 1, 1, '2024-03-02 10:55:03', NULL, '2024-03-02 10:55:03'),
(450, '17.5', 'SLIM', 'QK SHIRT ZT110-02 - S - 17.5', 1, 20300, 'SZT110-02', 1, 2, 20, 1, 1, '2024-03-02 10:55:39', NULL, '2024-03-02 10:55:39'),
(451, '14.5', 'REGULAR', 'QK SHIRT ZT110-03 - R - 14.5', 1, 20300, 'SZT110-03', 1, 2, 20, 1, 1, '2024-03-02 10:56:16', NULL, '2024-03-02 10:56:16'),
(452, '15.5', 'REGULAR', 'QK SHIRT ZT110-03 - R - 15.5', 6, 20300, 'SZT110-03', 1, 2, 20, 1, 1, '2024-03-02 10:58:15', NULL, '2024-03-02 10:58:15'),
(453, '16', 'REGULAR', 'QK SHIRT ZT110-03 - R - 16', 2, 20300, 'SZT110-03', 1, 2, 20, 1, 1, '2024-03-02 10:58:53', NULL, '2024-03-02 10:58:53'),
(454, '16.5', 'REGULAR', 'QK SHIRT ZT110-03 - R - 16.5', 2, 20300, 'SZT110-03', 1, 2, 20, 1, 1, '2024-03-02 10:59:26', NULL, '2024-03-02 10:59:26'),
(455, '17', 'REGULAR', 'QK SHIRT ZT110-03 - R - 17', 1, 20300, 'SZT110-03', 1, 2, 20, 1, 1, '2024-03-02 11:00:07', NULL, '2024-03-02 11:00:07'),
(456, '17.5', 'REGULAR', 'QK SHIRT ZT110-03 - R - 17.5', 1, 20300, 'SZT110-03', 1, 2, 20, 1, 1, '2024-03-02 11:00:38', NULL, '2024-03-02 11:00:38'),
(457, '14.5', 'SLIM', 'QK SHIRT ZT110-03 - S - 14.5', 1, 20300, 'SZT110-03', 1, 2, 20, 1, 1, '2024-03-02 11:01:09', 1, '2024-03-02 11:02:23'),
(458, '15', 'SLIM', 'QK SHIRT ZT110-03 - S - 15', 1, 20300, 'SZT110-03', 1, 2, 20, 1, 1, '2024-03-02 11:01:44', NULL, '2024-03-02 11:01:44'),
(459, '15.5', 'SLIM', 'QK SHIRT ZT110-03 - S - 15.5', 1, 20300, 'SZT110-03', 1, 2, 20, 1, 1, '2024-03-02 11:03:30', NULL, '2024-03-02 11:03:30'),
(460, '16', 'SLIM', 'QK SHIRT ZT110-03 - S - 16', 1, 20300, 'SZT110-03', 1, 2, 20, 1, 1, '2024-03-02 11:04:01', NULL, '2024-03-02 11:04:01'),
(461, '16.5', 'SLIM', 'QK SHIRT ZT110-03 - S - 16.5', 2, 20300, 'SZT110-03', 1, 2, 20, 1, 1, '2024-03-02 11:04:32', NULL, '2024-03-02 11:04:32'),
(462, '17', 'SLIM', 'QK SHIRT ZT110-03 - S - 17', 1, 20300, 'SZT110-03', 1, 2, 20, 1, 1, '2024-03-02 11:05:09', NULL, '2024-03-02 11:05:09'),
(463, '17.5', 'SLIM', 'QK SHIRT ZT110-03 - S - 17.5', 1, 20300, 'SZT110-02', 1, 2, 20, 1, 1, '2024-03-02 11:05:42', NULL, '2024-03-02 11:05:42'),
(464, '15', 'REGULAR', 'QK SHIRT ZT110-05 - R - 15', 3, 20300, 'SZT110-05', 1, 2, 20, 1, 1, '2024-03-02 11:42:19', NULL, '2024-03-02 11:42:19'),
(465, '15.5', 'REGULAR', 'QK SHIRT ZT110-05 - R - 15.5', 3, 20300, 'SZT110-05', 1, 2, 20, 1, 1, '2024-03-02 11:43:02', NULL, '2024-03-02 11:43:02'),
(466, '16', 'REGULAR', 'QK SHIRT ZT110-05 - R - 16', 1, 20300, 'SZT110-05', 1, 2, 20, 1, 1, '2024-03-02 11:44:10', NULL, '2024-03-02 11:44:10'),
(467, '16.5', 'REGULAR', 'QK SHIRT ZT110-05 - R - 16.5', 2, 20300, 'SZT110-05', 1, 2, 20, 1, 1, '2024-03-02 11:44:42', NULL, '2024-03-02 11:44:42'),
(468, '17', 'REGULAR', 'QK SHIRT ZT110-05 - R - 17', 1, 20300, 'SZT110-05', 1, 2, 20, 1, 1, '2024-03-02 11:45:12', NULL, '2024-03-02 11:45:12'),
(469, '17.5', 'REGULAR', 'QK SHIRT ZT110-05 - R - 17.5', 1, 20300, 'SZT110-05', 1, 2, 20, 1, 1, '2024-03-02 11:45:47', NULL, '2024-03-02 11:45:47'),
(470, '14.5', 'SLIM', 'QK SHIRT ZT110-05 - S - 14.5', 1, 20300, 'SZT110-05', 1, 2, 20, 1, 1, '2024-03-02 11:46:18', NULL, '2024-03-02 11:46:18'),
(471, '15', 'SLIM', 'QK SHIRT ZT110-05 - S - 15', 1, 20300, 'SZT110-05', 1, 2, 20, 1, 1, '2024-03-02 11:47:07', NULL, '2024-03-02 11:47:07'),
(472, '15.5', 'SLIM', 'QK SHIRT ZT110-05 - S - 15.5', 2, 20300, 'SZT110-05', 1, 2, 20, 1, 1, '2024-03-02 11:47:37', NULL, '2024-03-02 11:47:37'),
(473, '16', 'SLIM', 'QK SHIRT ZT110-05 - S - 16', 1, 20300, 'SZT110-05', 1, 2, 20, 1, 1, '2024-03-02 11:48:12', NULL, '2024-03-02 11:48:12'),
(474, '16.5', 'SLIM', 'QK SHIRT ZT110-05 - S - 16.5', 2, 20300, 'SZT110-05', 1, 2, 20, 1, 1, '2024-03-02 11:49:29', NULL, '2024-03-02 11:49:29'),
(475, '17', 'SLIM', 'QK SHIRT ZT110-05 - S - 17', 1, 20300, 'SZT110-05', 1, 2, 20, 1, 1, '2024-03-02 11:50:07', NULL, '2024-03-02 11:50:07'),
(476, '17.5', 'SLIM', 'QK SHIRT ZT110-05 - S - 17.5', 1, 20300, 'SZT110-05', 1, 2, 20, 1, 1, '2024-03-02 11:50:36', NULL, '2024-03-02 11:50:36'),
(477, '15', 'SLIM', 'QK SHIRT ZT110-08 - R - 15', 1, 20300, 'SZT110-08', 1, 2, 20, 1, 1, '2024-03-02 11:51:13', NULL, '2024-03-02 11:51:13'),
(478, '15.5', 'REGULAR', 'QK SHIRT ZT110-08 - R - 15.5', 1, 20300, 'SZT110-08', 1, 2, 20, 1, 1, '2024-03-02 11:52:16', NULL, '2024-03-02 11:52:16'),
(479, '16', 'REGULAR', 'QK SHIRT ZT110-08 - R - 16', 1, 20300, 'SZT110-08', 1, 2, 20, 1, 1, '2024-03-02 11:53:14', NULL, '2024-03-02 11:53:14'),
(480, '16.5', 'REGULAR', 'QK SHIRT ZT110-08 - R - 16.5', 2, 20300, 'SZT110-08', 1, 2, 20, 1, 1, '2024-03-02 11:53:44', NULL, '2024-03-02 11:53:44'),
(481, '17', 'REGULAR', 'QK SHIRT ZT110-08 - R - 17', 1, 20300, 'SZT110-08', 1, 2, 20, 1, 1, '2024-03-02 11:54:26', NULL, '2024-03-02 11:54:26'),
(482, '17.5', 'REGULAR', 'QK SHIRT ZT110-08 - R - 17.5', 1, 20300, 'SZT110-08', 1, 2, 20, 1, 1, '2024-03-02 11:55:05', NULL, '2024-03-02 11:55:05'),
(483, '14.5', 'SLIM', 'QK SHIRT ZT110-08 - S - 14.5', 1, 20300, 'SZT110-08', 1, 2, 20, 1, 1, '2024-03-02 11:59:12', NULL, '2024-03-02 11:59:12'),
(484, '15', 'SLIM', 'QK SHIRT ZT110-08 - S - 15', 1, 20300, 'SZT110-08', 1, 2, 20, 1, 1, '2024-03-02 11:59:53', NULL, '2024-03-02 11:59:53'),
(485, '15.5', 'SLIM', 'QK SHIRT ZT110-08 - S - 15.5', 3, 20300, 'SZT110-08', 1, 2, 20, 1, 1, '2024-03-02 12:00:33', NULL, '2024-03-02 12:00:33'),
(486, '16', 'SLIM', 'QK SHIRT ZT110-08 - S - 16', 1, 20300, 'SZT110-08', 1, 2, 20, 1, 1, '2024-03-02 12:19:23', NULL, '2024-03-02 12:19:23'),
(487, '16.5', 'SLIM', 'QK SHIRT ZT110-08 - S - 16.5', 2, 20300, 'SZT110-08', 1, 2, 20, 1, 1, '2024-03-02 12:20:32', NULL, '2024-03-02 12:20:32'),
(488, '17', 'SLIM', 'QK SHIRT ZT110-08 - S - 17', 1, 20300, 'SZT110-08', 1, 2, 20, 1, 1, '2024-03-02 12:21:18', NULL, '2024-03-02 12:21:18'),
(489, '17.5', 'SLIM', 'QK SHIRT ZT110-08 - S - 17.5', 1, 20300, 'SZT110-08', 1, 2, 20, 1, 1, '2024-03-02 12:22:32', NULL, '2024-03-02 12:22:32'),
(490, '14.5', 'REGULAR', 'QK SHIRT ZT110-11 - R - 14.5', 1, 20300, 'SZT110-11', 1, 2, 20, 1, 1, '2024-03-02 12:23:12', NULL, '2024-03-02 12:23:12'),
(491, '15', 'REGULAR', 'QK SHIRT ZT110-11 - R - 15', 1, 20300, 'SZT110-11', 1, 2, 20, 1, 1, '2024-03-02 12:24:10', NULL, '2024-03-02 12:24:10'),
(492, '15.5', 'REGULAR', 'QK SHIRT ZT110-11 - R - 15.5', 2, 20300, 'SZT110-11', 1, 2, 20, 1, 1, '2024-03-02 12:27:07', NULL, '2024-03-02 12:27:07'),
(493, '16', 'REGULAR', 'QK SHIRT ZT110-11 - R - 16', 1, 20300, 'SZT110-11', 1, 2, 20, 1, 1, '2024-03-02 12:27:56', NULL, '2024-03-02 12:27:56'),
(494, '16.5', 'REGULAR', 'QK SHIRT ZT110-11 - R - 16.5', 1, 20300, 'SZT110-11', 1, 2, 20, 1, 1, '2024-03-02 12:29:26', NULL, '2024-03-02 12:29:26'),
(495, '17', 'REGULAR', 'QK SHIRT ZT110-11 - R - 17', 1, 20300, 'SZT110-11', 1, 2, 20, 1, 1, '2024-03-03 05:34:55', NULL, '2024-03-03 05:34:55'),
(496, '17.5', 'REGULAR', 'QK SHIRT ZT110-11 - R - 17.5', 1, 20300, 'SZT110-11', 1, 2, 20, 1, 1, '2024-03-03 05:35:51', NULL, '2024-03-03 05:35:51'),
(497, '14.5', 'SLIM', 'QK SHIRT ZT110-11 - S - 14.5', 1, 20300, 'SZT110-11', 1, 2, 20, 1, 1, '2024-03-03 05:36:25', 1, '2024-03-03 05:39:53'),
(498, '15', 'SLIM', 'QK SHIRT ZT110-11 - S - 15', 1, 20300, 'SZT110-11', 1, 2, 20, 1, 1, '2024-03-03 05:36:56', 1, '2024-03-03 05:40:49'),
(499, '15.5', 'SLIM', 'QK SHIRT ZT110-11 - S - 15.5', 2, 20300, 'SZT110-11', 1, 2, 20, 1, 1, '2024-03-03 05:37:35', 1, '2024-03-03 05:41:03'),
(500, '16.5', 'SLIM', 'QK SHIRT ZT110-11 - S - 16.5', 2, 20300, 'SZT110-11', 1, 2, 20, 1, 1, '2024-03-03 05:38:11', 1, '2024-03-03 05:41:16'),
(501, '17', 'SLIM', 'QK SHIRT ZT110-11 - S - 17', 1, 20300, 'SZT110-11', 1, 2, 20, 1, 1, '2024-03-03 05:38:50', NULL, '2024-03-03 05:38:50'),
(502, '17.5', 'SLIM', 'QK SHIRT ZT110-11 - S - 17.5', 1, 20300, 'SZT110-11', 1, 2, 20, 1, 1, '2024-03-03 05:42:21', NULL, '2024-03-03 05:42:21'),
(503, '14.5', 'REGULAR', 'QK SHIRT MT700 - R 14.5', 1, 10150, 'SMT700', 1, 2, 20, 1, 1, '2024-03-03 05:43:05', NULL, '2024-03-03 05:43:05'),
(504, '15', 'REGULAR', 'QK SHIRT MT700 - R 15', 6, 10150, 'SMT700', 1, 2, 20, 1, 1, '2024-03-03 05:44:30', NULL, '2024-03-03 05:44:30'),
(505, '15.5', 'REGULAR', 'QK SHIRT MT700 - R 15.5', 13, 10150, 'SMT700', 1, 2, 20, 1, 1, '2024-03-03 05:45:09', NULL, '2024-03-03 05:45:09'),
(506, '16', 'REGULAR', 'QK SHIRT MT700 - R 16', 7, 10150, 'SMT700', 1, 2, 20, 1, 1, '2024-03-03 05:46:06', NULL, '2024-03-03 05:46:06'),
(507, '16.5', 'REGULAR', 'QK SHIRT MT700 - R 16.5', 5, 10150, 'SMT700', 1, 2, 20, 1, 1, '2024-03-03 05:47:14', NULL, '2024-03-03 05:47:14'),
(508, '17', 'REGULAR', 'QK SHIRT MT700 - R 17', 1, 10150, 'SMT700', 1, 2, 20, 1, 1, '2024-03-03 05:47:48', NULL, '2024-03-03 05:47:48'),
(509, '17.5', 'REGULAR', 'QK SHIRT MT700 - R 17.5', 1, 10150, 'SMT700', 1, 2, 20, 1, 1, '2024-03-03 05:48:25', NULL, '2024-03-03 05:48:25'),
(510, '14.5', 'SLIM', 'QK SHIRT MT700 - S 14.5', 1, 10150, 'SMT700', 1, 2, 20, 1, 1, '2024-03-03 05:49:02', NULL, '2024-03-03 05:49:02'),
(511, '15', 'SLIM', 'QK SHIRT MT700 - S 15', 6, 10150, 'SMT700', 1, 2, 20, 1, 1, '2024-03-03 06:13:06', NULL, '2024-03-03 06:13:06'),
(512, '15.5', 'SLIM', 'QK SHIRT MT700 - S 15.5', 13, 10150, 'SMT700', 1, 2, 20, 1, 1, '2024-03-03 06:13:47', NULL, '2024-03-03 06:13:47'),
(513, '16', 'SLIM', 'QK SHIRT MT700 - S 16', 11, 10150, 'SMT700', 1, 2, 20, 1, 1, '2024-03-03 06:15:25', NULL, '2024-03-03 06:15:25'),
(514, '16.5', 'SLIM', 'QK SHIRT MT700 - S 16.5', 4, 10150, 'SMT700', 1, 2, 20, 1, 1, '2024-03-03 06:16:40', NULL, '2024-03-03 06:16:40'),
(515, '17', 'SLIM', 'QK SHIRT MT700 - S 17', 1, 10150, 'SMT700', 1, 2, 20, 1, 1, '2024-03-03 06:17:34', NULL, '2024-03-03 06:17:34'),
(516, '17.5', 'SLIM', 'QK SHIRT MT700 - S 17.5', 1, 10150, 'SMT700', 1, 2, 20, 1, 1, '2024-03-03 06:19:25', NULL, '2024-03-03 06:19:25'),
(517, '145', 'REGULAR', 'QK SHIRT MT701 - R 14.5', 1, 10150, 'SMT701', 1, 2, 20, 1, 1, '2024-03-03 06:21:34', NULL, '2024-03-03 06:21:34'),
(518, '15', 'REGULAR', 'QK SHIRT MT701 - R 15', 1, 10150, 'SMT701', 1, 2, 20, 1, 1, '2024-03-03 06:22:13', NULL, '2024-03-03 06:22:13'),
(519, '15.5', 'REGULAR', 'QK SHIRT MT701 - R 15.5', 2, 10150, 'SMT701', 1, 2, 20, 1, 1, '2024-03-03 06:24:22', NULL, '2024-03-03 06:24:22'),
(520, '16', 'REGULAR', 'QK SHIRT MT701 - R 16', 2, 10150, 'SMT701', 1, 2, 20, 1, 1, '2024-03-03 06:24:58', NULL, '2024-03-03 06:24:58'),
(521, '16.5', 'REGULAR', 'QK SHIRT MT701 - R 16.5', 2, 10150, 'SMT701', 1, 2, 20, 1, 1, '2024-03-03 06:26:11', NULL, '2024-03-03 06:26:11'),
(522, '17', 'REGULAR', 'QK SHIRT MT701 - R 17', 1, 10150, 'SMT701', 1, 2, 20, 1, 1, '2024-03-03 06:26:59', NULL, '2024-03-03 06:26:59'),
(523, '17.5', 'REGULAR', 'QK SHIRT MT701 - R 17.5', 1, 10150, 'SMT701', 1, 2, 20, 1, 1, '2024-03-03 06:27:44', NULL, '2024-03-03 06:27:44'),
(524, '14.5', 'SLIM', 'QK SHIRT MT701 - S 14.5', 1, 10150, 'SMT701', 1, 2, 20, 1, 1, '2024-03-03 06:28:19', NULL, '2024-03-03 06:28:19'),
(525, '15', 'SLIM', 'QK SHIRT MT701 - S 15', 1, 10150, 'SMT701', 1, 2, 20, 1, 1, '2024-03-03 06:28:52', NULL, '2024-03-03 06:28:52'),
(526, '15.5', 'SLIM', 'QK SHIRT MT701 - S 15.5', 2, 10150, 'SMT701', 1, 2, 20, 1, 1, '2024-03-03 06:30:14', NULL, '2024-03-03 06:30:14'),
(527, '16', 'SLIM', 'QK SHIRT MT701 - S 16', 1, 10150, 'SMT701', 1, 2, 20, 1, 1, '2024-03-03 06:31:00', NULL, '2024-03-03 06:31:00'),
(528, '16.5', 'SLIM', 'QK SHIRT MT701 - S 16.5', 2, 10150, 'SMT701', 1, 2, 20, 1, 1, '2024-03-03 07:08:30', NULL, '2024-03-03 07:08:30'),
(529, '17', 'SLIM', 'QK SHIRT MT701 - S 17', 1, 10150, 'SMT701', 1, 2, 20, 1, 1, '2024-03-03 09:54:27', NULL, '2024-03-03 09:54:27'),
(530, '17.5', 'SLIM', 'QK SHIRT MT701 - S 17.5', 1, 10150, 'SMT701', 1, 2, 20, 1, 1, '2024-03-03 09:55:10', NULL, '2024-03-03 09:55:10'),
(531, '14.5', 'REGULAR', 'QK SHIRT MT706 - R 14.5', 1, 10150, 'SMT706', 1, 2, 20, 1, 1, '2024-03-03 09:55:52', NULL, '2024-03-03 09:55:52'),
(532, '15', 'REGULAR', 'QK SHIRT MT706 - R 15', 1, 10150, 'SMT706', 1, 2, 20, 1, 1, '2024-03-03 09:56:30', NULL, '2024-03-03 09:56:30'),
(533, '15.5', 'REGULAR', 'QK SHIRT MT706 - R 15.5', 2, 10150, 'SMT706', 1, 2, 20, 1, 1, '2024-03-03 09:57:18', NULL, '2024-03-03 09:57:18'),
(534, '16', 'REGULAR', 'QK SHIRT MT706 - R 16', 2, 10150, 'SMT706', 1, 2, 20, 1, 1, '2024-03-03 09:57:53', NULL, '2024-03-03 09:57:53'),
(535, '16.5', 'REGULAR', 'QK SHIRT MT706 - R 16.5', 2, 10150, 'SMT706', 1, 2, 20, 1, 1, '2024-03-03 09:58:41', NULL, '2024-03-03 09:58:41'),
(536, '17', 'REGULAR', 'QK SHIRT MT706 - R 17', 2, 10150, 'SMT706', 1, 2, 20, 1, 1, '2024-03-03 09:59:29', NULL, '2024-03-03 09:59:29'),
(537, '15', 'SLIM', 'QK SHIRT MT706 - S 15', 1, 10150, 'SMT706', 1, 2, 20, 1, 1, '2024-03-03 10:04:20', NULL, '2024-03-03 10:04:20'),
(538, '15.5', 'SLIM', 'QK SHIRT MT706 - S 15.5', 2, 10150, 'SMT706', 1, 2, 20, 1, 1, '2024-03-03 10:04:59', NULL, '2024-03-03 10:04:59'),
(539, '16', 'SLIM', 'QK SHIRT MT706 - S 16', 2, 10150, 'SMT706', 1, 2, 20, 1, 1, '2024-03-03 10:05:35', NULL, '2024-03-03 10:05:35'),
(540, '16.5', 'SLIM', 'QK SHIRT MT706 - S 16.5', 2, 10150, 'SMT706', 1, 2, 20, 1, 1, '2024-03-03 10:06:57', NULL, '2024-03-03 10:06:57'),
(541, '17', 'SLIM', 'QK SHIRT MT706 - S 17', 1, 10150, 'SMT706', 1, 2, 20, 1, 1, '2024-03-03 10:07:45', NULL, '2024-03-03 10:07:45'),
(542, '17.5', 'SLIM', 'QK SHIRT MT706 - S 17.5', 1, 10150, 'SMT706', 1, 2, 20, 1, 1, '2024-03-03 10:08:25', NULL, '2024-03-03 10:08:25'),
(543, '14.5', 'REGULAR', 'QK SHIRT MT707 - R 14.5', 1, 10150, 'SMT707', 1, 2, 20, 1, 1, '2024-03-03 10:09:11', NULL, '2024-03-03 10:09:11'),
(544, '15', 'REGULAR', 'QK SHIRT MT707 - R 15', 1, 10150, 'SMT707', 1, 2, 20, 1, 1, '2024-03-03 10:10:26', NULL, '2024-03-03 10:10:26'),
(545, '15.5', 'REGULAR', 'QK SHIRT MT707 - R 15.5', 2, 10150, 'SMT707', 1, 2, 20, 1, 1, '2024-03-03 10:10:59', NULL, '2024-03-03 10:10:59'),
(546, '16', 'REGULAR', 'QK SHIRT MT707 - R 16', 2, 10150, 'SMT707', 1, 2, 20, 1, 1, '2024-03-03 10:15:43', NULL, '2024-03-03 10:15:43'),
(547, '16.5', 'REGULAR', 'QK SHIRT MT707 - R 16.5', 2, 10150, 'SMT707', 1, 2, 20, 1, 1, '2024-03-03 10:17:05', NULL, '2024-03-03 10:17:05'),
(548, '17', 'REGULAR', 'QK SHIRT MT707 - R 17', 1, 10150, 'SMT707', 1, 2, 20, 1, 1, '2024-03-03 10:17:42', NULL, '2024-03-03 10:17:42'),
(549, '17.5', 'REGULAR', 'QK SHIRT MT707 - R 17.5', 1, 10150, 'SMT707', 1, 2, 20, 1, 1, '2024-03-03 10:18:33', NULL, '2024-03-03 10:18:33'),
(550, '14.5', 'SLIM', 'QK SHIRT MT707 - S 14.5', 1, 10150, 'SMT707', 1, 2, 20, 1, 1, '2024-03-03 10:19:18', NULL, '2024-03-03 10:19:18'),
(551, '15', 'SLIM', 'QK SHIRT MT707 - S 15', 1, 10150, 'SMT707', 1, 2, 20, 1, 1, '2024-03-03 10:20:25', NULL, '2024-03-03 10:20:25'),
(552, '15.5', 'SLIM', 'QK SHIRT MT707 - S 15.5', 2, 10150, 'SMT707', 1, 2, 20, 1, 1, '2024-03-03 10:21:10', NULL, '2024-03-03 10:21:10'),
(553, '16', 'SLIM', 'QK SHIRT MT707 - S 16', 2, 10150, 'SMT707', 1, 2, 20, 1, 1, '2024-03-03 10:21:45', NULL, '2024-03-03 10:21:45'),
(554, '17', 'SLIM', 'QK SHIRT MT707 - S 17', 1, 10150, 'SMT707', 1, 2, 20, 1, 1, '2024-03-03 10:22:25', NULL, '2024-03-03 10:22:25'),
(555, '14.5', 'REGULAR', 'QK SHIRT MT708 - R 14.5', 1, 10150, 'SMT708', 1, 2, 20, 1, 1, '2024-03-03 10:22:58', NULL, '2024-03-03 10:22:58'),
(556, '15', 'REGULAR', 'QK SHIRT MT708 - R 15', 1, 10150, 'SMT708', 1, 2, 20, 1, 1, '2024-03-03 10:23:33', NULL, '2024-03-03 10:23:33'),
(557, '15.5', 'REGULAR', 'QK SHIRT MT708 - R 15.5', 2, 10150, 'SMT708', 1, 2, 20, 1, 1, '2024-03-03 10:24:07', NULL, '2024-03-03 10:24:07'),
(558, '16.5', 'REGULAR', 'QK SHIRT MT708 - R 16.5', 2, 10150, 'SMT708', 1, 2, 20, 1, 1, '2024-03-03 10:25:02', NULL, '2024-03-03 10:25:02'),
(559, '17', 'REGULAR', 'QK SHIRT MT708 - R 17', 1, 10150, 'SMT708', 1, 2, 20, 1, 1, '2024-03-03 10:26:59', NULL, '2024-03-03 10:26:59'),
(560, '17.5', 'REGULAR', 'QK SHIRT MT708 - R 17.5', 1, 10150, 'SMT708', 1, 2, 20, 1, 1, '2024-03-03 10:27:29', NULL, '2024-03-03 10:27:29');
INSERT INTO `product` (`id`, `size`, `color`, `name`, `stock`, `price`, `product_id`, `type`, `category`, `sub_category`, `status`, `added_by`, `added_time`, `updated_by`, `updated_time`) VALUES
(561, '15', 'SLIM', 'QK SHIRT MT708 - S 15', 1, 10150, 'SMT708', 1, 2, 20, 1, 1, '2024-03-03 10:28:27', NULL, '2024-03-03 10:28:27'),
(562, '15.5', 'SLIM', 'QK SHIRT MT708 - S 15.5', 2, 10150, 'SMT708', 1, 2, 20, 1, 1, '2024-03-03 10:28:56', NULL, '2024-03-03 10:28:56'),
(563, '16', 'SLIM', 'QK SHIRT MT708 - S 16', 2, 10150, 'SMT708', 1, 2, 20, 1, 1, '2024-03-03 10:31:50', NULL, '2024-03-03 10:31:50'),
(564, '16.5', 'SLIM', 'QK SHIRT MT708 - S 16.5', 2, 10150, 'SMT708', 1, 2, 20, 1, 1, '2024-03-03 10:32:47', NULL, '2024-03-03 10:32:47'),
(565, '17', 'SLIM', 'QK SHIRT MT708 - S 17', 1, 10150, 'SMT708', 1, 2, 20, 1, 1, '2024-03-03 10:33:22', NULL, '2024-03-03 10:33:22'),
(566, '17.5', 'SLIM', 'QK SHIRT MT708 - S 17.5', 1, 10150, 'SMT708', 1, 2, 20, 1, 1, '2024-03-03 10:34:09', NULL, '2024-03-03 10:34:09'),
(567, '14.5', 'REGULAR', 'QK SHIRT MT716 - R 14.5', 1, 10150, 'SMT716', 1, 2, 20, 1, 1, '2024-03-03 10:36:00', NULL, '2024-03-03 10:36:00'),
(568, '15', 'REGULAR', 'QK SHIRT MT716 - R 15', 1, 10150, 'SMT716', 1, 2, 20, 1, 1, '2024-03-03 10:36:33', NULL, '2024-03-03 10:36:33'),
(569, '15.5', 'REGULAR', 'QK SHIRT MT716 - R 15.5', 2, 10150, 'SMT716', 1, 2, 20, 1, 1, '2024-03-03 10:37:25', NULL, '2024-03-03 10:37:25'),
(570, '16', 'REGULAR', 'QK SHIRT MT716 - R 16', 2, 10150, 'SMT716', 1, 2, 20, 1, 1, '2024-03-03 10:38:12', NULL, '2024-03-03 10:38:12'),
(571, '16.5', 'REGULAR', 'QK SHIRT MT716 - R 16.5', 2, 10150, 'SMT716', 1, 2, 20, 1, 1, '2024-03-03 10:38:44', NULL, '2024-03-03 10:38:44'),
(572, '17', 'REGULAR', 'QK SHIRT MT716 - R 17', 1, 10150, 'SMT716', 1, 2, 20, 1, 1, '2024-03-03 10:39:44', NULL, '2024-03-03 10:39:44'),
(573, '17.5', 'REGULAR', 'QK SHIRT MT716 - R 17.5', 1, 10150, 'SMT716', 1, 2, 20, 1, 1, '2024-03-03 10:40:22', NULL, '2024-03-03 10:40:22'),
(574, '14.5', 'SLIM', 'QK SHIRT MT716 - S 14.5', 1, 10150, 'SMT716', 1, 2, 20, 1, 1, '2024-03-03 10:41:02', NULL, '2024-03-03 10:41:02'),
(575, '15', 'SLIM', 'QK SHIRT MT716 - S 15', 1, 10150, 'SMT716', 1, 2, 20, 1, 1, '2024-03-03 10:41:42', NULL, '2024-03-03 10:41:42'),
(576, '15.5', 'SLIM', 'QK SHIRT MT716 - S 15.5', 2, 10150, 'SMT716', 1, 2, 20, 1, 1, '2024-03-03 10:42:27', NULL, '2024-03-03 10:42:27'),
(577, '16', 'SLIM', 'QK SHIRT MT716 - S 16', 2, 10150, 'SMT716', 1, 2, 20, 1, 1, '2024-03-03 10:43:10', NULL, '2024-03-03 10:43:10'),
(578, '16.5', 'SLIM', 'QK SHIRT MT716 - S 16.5', 2, 10150, 'SMT716', 1, 2, 20, 1, 1, '2024-03-03 10:44:18', NULL, '2024-03-03 10:44:18'),
(579, '17', 'SLIM', 'QK SHIRT MT716 - S 17', 1, 10150, 'SMT716', 1, 2, 20, 1, 1, '2024-03-03 10:44:53', NULL, '2024-03-03 10:44:53'),
(580, '17.5', 'SLIM', 'QK SHIRT MT716 - S 17.5', 1, 10150, 'SMT716', 1, 2, 20, 1, 1, '2024-03-03 10:53:31', NULL, '2024-03-03 10:53:31'),
(581, '14.5', 'REGULAR', 'QK SHIRT MT813 - R 14.5', 1, 10150, 'SMT813', 1, 2, 20, 1, 1, '2024-03-03 10:59:20', NULL, '2024-03-03 10:59:20'),
(582, '15', 'REGULAR', 'QK SHIRT MT813 - R 15', 1, 10150, 'SMT813', 1, 2, 20, 1, 1, '2024-03-03 11:00:06', NULL, '2024-03-03 11:00:06'),
(583, '15.5', 'REGULAR', 'QK SHIRT MT813 - R 15.5', 2, 10150, 'SMT813', 1, 2, 20, 1, 1, '2024-03-03 11:00:49', NULL, '2024-03-03 11:00:49'),
(584, '16', 'REGULAR', 'QK SHIRT MT813 - R 16', 2, 10150, 'SMT813', 1, 2, 20, 1, 1, '2024-03-03 11:03:37', NULL, '2024-03-03 11:03:37'),
(585, '16.5', 'REGULAR', 'QK SHIRT MT813 - R 16.5', 2, 10150, 'SMT813', 1, 2, 20, 1, 1, '2024-03-03 11:04:12', NULL, '2024-03-03 11:04:12'),
(586, '17.5', 'REGULAR', 'QK SHIRT MT813 - R 17.5', 1, 10150, 'SMT813', 1, 2, 20, 1, 1, '2024-03-03 11:05:31', NULL, '2024-03-03 11:05:31'),
(587, '14.5', 'SLIM', 'QK SHIRT MT813 - S 14.5', 1, 10150, 'SMT813', 1, 2, 20, 1, 1, '2024-03-03 11:06:18', NULL, '2024-03-03 11:06:18'),
(588, '15', 'SLIM', 'QK SHIRT MT813 - S 15', 1, 10150, 'SMT813', 1, 2, 20, 1, 1, '2024-03-03 11:09:13', NULL, '2024-03-03 11:09:13'),
(589, '15.5', 'SLIM', 'QK SHIRT MT813 - S 15.5', 2, 10150, 'SMT813', 1, 2, 20, 1, 1, '2024-03-03 11:15:21', NULL, '2024-03-03 11:15:21'),
(590, '16', 'SLIM', 'QK SHIRT MT813 - S 16', 2, 10150, 'SMT813', 1, 2, 20, 1, 1, '2024-03-03 11:16:03', NULL, '2024-03-03 11:16:03'),
(591, '16.5', 'SLIM', 'QK SHIRT MT813 - S 16.5', 2, 10150, 'SMT813', 1, 2, 20, 1, 1, '2024-03-03 11:16:41', NULL, '2024-03-03 11:16:41'),
(592, '17', 'SLIM', 'QK SHIRT MT813 - S 17', 1, 10150, 'SMT813', 1, 2, 20, 1, 1, '2024-03-03 11:17:33', NULL, '2024-03-03 11:17:33'),
(593, '17.5', 'SLIM', 'QK SHIRT MT813 - S 17.5', 1, 10150, 'SMT813', 1, 2, 20, 1, 1, '2024-03-03 11:18:05', NULL, '2024-03-03 11:18:05'),
(594, '14.5', 'REGULAR', 'QK SHIRT MT815 - R 14.5', 1, 10150, 'SMT815', 1, 2, 20, 1, 1, '2024-03-03 11:40:41', NULL, '2024-03-03 11:40:41'),
(595, '15', 'REGULAR', 'QK SHIRT MT815 - R 15', 1, 10150, 'SMT815', 1, 2, 20, 1, 1, '2024-03-03 11:41:14', NULL, '2024-03-03 11:41:14'),
(596, '15.5', 'REGULAR', 'QK SHIRT MT815 - R 15.5', 2, 10150, 'SMT815', 1, 2, 20, 1, 1, '2024-03-03 11:41:52', NULL, '2024-03-03 11:41:52'),
(597, '16', 'REGULAR', 'QK SHIRT MT815 - R 16', 1, 10150, 'SMT815', 1, 2, 20, 1, 1, '2024-03-03 11:42:37', NULL, '2024-03-03 11:42:37'),
(598, '16.5', 'REGULAR', 'QK SHIRT MT815 - R 16.5', 1, 10150, 'SMT815', 1, 2, 20, 1, 1, '2024-03-03 11:43:08', NULL, '2024-03-03 11:43:08'),
(599, '17', 'REGULAR', 'QK SHIRT MT815 - R 17', 1, 10150, 'SMT815', 1, 2, 20, 1, 1, '2024-03-03 11:43:34', NULL, '2024-03-03 11:43:34'),
(600, '17.5', 'REGULAR', 'QK SHIRT MT815 - R 17.5', 1, 10150, 'SMT815', 1, 2, 20, 1, 1, '2024-03-03 11:44:21', NULL, '2024-03-03 11:44:21'),
(601, '14.5', 'SLIM', 'QK SHIRT MT815 - S 14.5', 1, 10150, 'SMT815', 1, 2, 20, 1, 1, '2024-03-03 11:45:01', NULL, '2024-03-03 11:45:01'),
(602, '15', 'SLIM', 'QK SHIRT MT815 - S 15', 1, 10150, 'SMT815', 1, 2, 20, 1, 1, '2024-03-03 12:05:25', NULL, '2024-03-03 12:05:25'),
(603, '15.5', 'SLIM', 'QK SHIRT MT815 - S 15.5', 1, 10150, 'SMT815', 1, 2, 20, 1, 1, '2024-03-03 12:06:02', NULL, '2024-03-03 12:06:02'),
(604, '16', 'SLIM', 'QK SHIRT MT815 - S 16', 2, 10150, 'SMT815', 1, 2, 20, 1, 1, '2024-03-03 12:06:37', NULL, '2024-03-03 12:06:37'),
(605, '16.5', 'SLIM', 'QK SHIRT MT815 - S 16.5', 2, 10150, 'SMT815', 1, 2, 20, 1, 1, '2024-03-03 12:08:16', NULL, '2024-03-03 12:08:16'),
(606, '17', 'SLIM', 'QK SHIRT MT815 - S 17', 1, 10150, 'SMT815', 1, 2, 20, 1, 1, '2024-03-03 12:08:50', NULL, '2024-03-03 12:08:50'),
(607, '17.5', 'SLIM', 'QK SHIRT MT815 - S 17.5', 1, 10150, 'SMT815', 1, 2, 20, 1, 1, '2024-03-03 12:09:39', NULL, '2024-03-03 12:09:39'),
(608, '14.5', 'SLIM', 'QK SHIRT 3F-11 - S 14.5', 1, 8049.999999999999, 'SH3F-11', 1, 2, 20, 1, 1, '2024-03-03 12:12:24', NULL, '2024-03-03 12:12:24'),
(609, '15', 'SLIM', 'QK SHIRT 3F-11 - S 15', 1, 8049.999999999999, 'SH3F-11', 1, 2, 20, 1, 1, '2024-03-03 12:13:19', NULL, '2024-03-03 12:13:19'),
(610, '15.5', 'SLIM', 'QK SHIRT 3F-11 - S 15.5', 2, 8049.999999999999, 'SH3F-11', 1, 2, 20, 1, 1, '2024-03-03 12:14:20', NULL, '2024-03-03 12:14:20'),
(611, '16', 'SLIM', 'QK SHIRT 3F-11 - S 16', 1, 8049.999999999999, 'SH3F-11', 1, 2, 20, 1, 1, '2024-03-03 12:14:56', NULL, '2024-03-03 12:14:56'),
(612, '16.5', 'SLIM', 'QK SHIRT 3F-11 - S 16.5', 1, 8049.999999999999, 'SH3F-11', 1, 2, 20, 1, 1, '2024-03-03 12:15:29', NULL, '2024-03-03 12:15:29'),
(613, '17', 'SLIM', 'QK SHIRT 3F-11 - S 17', 1, 8049.999999999999, 'SH3F-11', 1, 2, 20, 1, 1, '2024-03-03 12:19:55', NULL, '2024-03-03 12:19:55'),
(614, '17.5', 'SLIM', 'QK SHIRT 3F-11 - S 17.5', 1, 8049.999999999999, 'SH3F-11', 1, 2, 20, 1, 1, '2024-03-03 12:21:09', NULL, '2024-03-03 12:21:09'),
(615, '14.5', 'SLIM', 'QK SHIRT 3F-01 - S 14.5', 1, 10150, 'SH3F-01', 1, 2, 20, 1, 1, '2024-03-03 12:22:10', NULL, '2024-03-03 12:22:10'),
(616, '16', 'SLIM', 'QK SHIRT 3F-01 - S 16', 3, 8049.999999999999, 'SH3F-01', 1, 2, 20, 1, 1, '2024-03-03 12:22:49', NULL, '2024-03-03 12:22:49'),
(617, '16.5', 'SLIM', 'QK SHIRT 3F-01 - S 16.5', 3, 8049.999999999999, 'SH3F-01', 1, 2, 20, 1, 1, '2024-03-03 12:23:36', NULL, '2024-03-03 12:23:36'),
(618, '17', 'SLIM', 'QK SHIRT 3F-01 - S 17', 2, 8049.999999999999, 'SH3F-01', 1, 2, 20, 1, 1, '2024-03-03 12:24:15', NULL, '2024-03-03 12:24:15'),
(619, '17.5', 'SLIM', 'QK SHIRT 3F-01 - S 17.5', 1, 8049.999999999999, 'SH3F-01', 1, 2, 20, 1, 1, '2024-03-03 12:25:15', NULL, '2024-03-03 12:25:15'),
(620, '39', 'BROWN', 'QK SLIPPERS - QK0502/9001 - 39 - BR', 1, 9030, 'QK0502-39', 1, 2, 31, 1, 1, '2024-03-04 07:34:50', NULL, '2024-03-04 07:34:50'),
(621, '40', 'BROWN', 'QK SLIPPERS - QK0502/9001 - 40 - BR', 1, 9030, 'QK0502-40', 1, 2, 31, 1, 1, '2024-03-04 07:35:31', NULL, '2024-03-04 07:35:31'),
(622, '41', 'BROWN', 'QK SLIPPERS - QK0502/9001 - 41 - BR', 1, 9030, 'QK0502-41', 1, 2, 31, 1, 1, '2024-03-04 07:37:25', NULL, '2024-03-04 07:37:25'),
(623, '42', 'BROWN', 'QK SLIPPERS - QK0502/9001 - 42 - BR', 1, 9030, 'QK0502-42', 1, 2, 31, 1, 1, '2024-03-04 07:38:12', NULL, '2024-03-04 07:38:12'),
(624, '43', 'BROWN', 'QK SLIPPERS - QK0502/9001 - 43 - BR', 1, 9030, 'QK0502-43', 1, 2, 31, 1, 1, '2024-03-04 07:39:03', NULL, '2024-03-04 07:39:03'),
(625, '44', 'BROWN', 'QK SLIPPERS - QK0502/9001 - 44 - BR', 1, 9030, 'QK0502-44', 1, 2, 31, 1, 1, '2024-03-04 07:39:56', NULL, '2024-03-04 07:39:56'),
(626, '39', 'BROWN', 'QK SLIPPERS - QK0503/9005 - 39 - BR', 1, 9030, 'QK0503-39', 1, 2, 31, 1, 1, '2024-03-04 07:41:58', NULL, '2024-03-04 07:41:58'),
(628, '41', 'BROWN', 'QK SLIPPERS - QK0503/9005 - 41 - BR', 1, 9030, 'QK0503-41', 1, 2, 31, 1, 1, '2024-03-04 07:54:49', NULL, '2024-03-04 07:54:49'),
(632, '39', 'BLACK', 'QK SLIPPERS - QK0504/9005 - 39 - BL', 1, 9030, 'QK0504-39', 1, 2, 31, 1, 1, '2024-03-04 07:59:22', NULL, '2024-03-04 07:59:22'),
(633, '40', 'BLACK', 'QK SLIPPERS - QK0504/9005 - 40 - BL', 1, 9030, 'QK0504-40', 1, 2, 31, 1, 1, '2024-03-04 07:59:53', NULL, '2024-03-04 07:59:53'),
(634, '41', 'BLACK', 'QK SLIPPERS - QK0504/9005 - 41 - BL', 1, 9030, 'QK0504-41', 1, 2, 31, 1, 1, '2024-03-04 08:00:54', NULL, '2024-03-04 08:00:54'),
(635, '42', 'BLACK', 'QK SLIPPERS - QK0504/9005 - 42 - BL', 1, 9030, 'QK0504-42', 1, 2, 31, 1, 1, '2024-03-04 08:01:27', NULL, '2024-03-04 08:01:27'),
(636, '43', 'BLACK', 'QK SLIPPERS - QK0504/9005 - 43 - BL', 1, 9030, 'QK0504-43', 1, 2, 31, 1, 1, '2024-03-04 08:03:09', NULL, '2024-03-04 08:03:09'),
(637, '44', 'BLACK', 'QK SLIPPERS - QK0504/9005 - 44 - BL', 1, 9030, 'QK0504-44', 1, 2, 31, 1, 1, '2024-03-04 08:03:47', NULL, '2024-03-04 08:03:47'),
(638, '14.5', 'SLIM', 'QK SHIRT 3F-03 - S 14.5', 1, 8049.999999999999, 'SH3F-03', 1, 2, 20, 1, 1, '2024-03-04 08:55:47', 1, '2024-03-04 09:07:38'),
(639, '15', 'SLIM', 'QK SHIRT 3F-03 - S 15', 1, 8049.999999999999, 'SH3F-03', 1, 2, 20, 1, 1, '2024-03-04 09:05:48', 1, '2024-03-04 09:07:51'),
(640, '15.5', 'SLIM', 'QK SHIRT 3F-03 - S 15.5', 2, 8049.999999999999, 'SH3F-03', 1, 2, 20, 1, 1, '2024-03-04 09:06:52', NULL, '2024-03-04 09:06:52'),
(641, '16', 'SLIM', 'QK SHIRT 3F-03 - S 16', 2, 8049.999999999999, 'SH3F-03', 1, 2, 20, 1, 1, '2024-03-04 09:10:58', NULL, '2024-03-04 09:10:58'),
(642, '16.5', 'SLIM', 'QK SHIRT 3F-03 - S 16.5', 2, 8049.999999999999, 'SH3F-03', 1, 2, 20, 1, 1, '2024-03-04 09:12:04', NULL, '2024-03-04 09:12:04'),
(643, '17.5', 'SLIM', 'QK SHIRT 3F-03 - S 17.5', 1, 8049.999999999999, 'SH3F-03', 1, 2, 20, 1, 1, '2024-03-04 09:12:37', NULL, '2024-03-04 09:12:37'),
(644, '14.5', 'SLIM', 'QK SHIRT 3F-05 - S 14.5', 1, 8049.999999999999, 'SH3F-05', 1, 2, 20, 1, 1, '2024-03-04 09:13:17', NULL, '2024-03-04 09:13:17'),
(645, '15', 'SLIM', 'QK SHIRT 3F-05 - S 15', 1, 8049.999999999999, 'SH3F-05', 1, 2, 20, 1, 1, '2024-03-04 09:14:19', NULL, '2024-03-04 09:14:19'),
(646, '15.5', 'SLIM', 'QK SHIRT 3F-05 - S 15.5', 4, 8049.999999999999, 'SH3F-05', 1, 2, 20, 1, 1, '2024-03-04 09:14:52', NULL, '2024-03-04 09:14:52'),
(647, '16.5', 'SLIM', 'QK SHIRT 3F-05 - S 16.5', 3, 8049.999999999999, 'SH3F-05', 1, 2, 20, 1, 1, '2024-03-04 09:16:17', NULL, '2024-03-04 09:16:17'),
(648, '17', 'SLIM', 'QK SHIRT 3F-05 - S 17', 1, 8049.999999999999, 'SH3F-05', 1, 2, 20, 1, 1, '2024-03-04 09:17:04', NULL, '2024-03-04 09:17:04'),
(649, '17.5', 'SLIM', 'QK SHIRT 3F-05 - S 17.5', 2, 8049.999999999999, 'SH3F-05', 1, 2, 20, 1, 1, '2024-03-04 09:17:40', NULL, '2024-03-04 09:17:40'),
(650, '14.5', 'REGULAR', 'QK SHIRT SG-01 - R 14.5', 1, 6125, 'SHSG-01', 1, 2, 20, 1, 1, '2024-03-04 09:18:21', NULL, '2024-03-04 09:18:21'),
(651, '15', 'REGULAR', 'QK SHIRT SG-01 - R 15', 1, 6125, 'SHSG-01', 1, 2, 20, 1, 1, '2024-03-04 09:18:57', NULL, '2024-03-04 09:18:57'),
(652, '15.5', 'REGULAR', 'QK SHIRT SG-01 - R 15.5', 2, 6125, 'SHSG-01', 1, 2, 20, 1, 1, '2024-03-04 09:19:31', NULL, '2024-03-04 09:19:31'),
(653, '16', 'REGULAR', 'QK SHIRT SG-01 - R 16', 2, 6125, 'SHSG-01', 1, 2, 20, 1, 1, '2024-03-04 09:20:07', NULL, '2024-03-04 09:20:07'),
(654, '16.5', 'REGULAR', 'QK SHIRT SG-01 - R 16.5', 2, 6125, 'SHSG-01', 1, 2, 20, 1, 1, '2024-03-04 09:20:39', NULL, '2024-03-04 09:20:39'),
(655, '17', 'REGULAR', 'QK SHIRT SG-01 - R 17', 1, 6125, 'SHSG-01', 1, 2, 20, 1, 1, '2024-03-04 09:21:04', NULL, '2024-03-04 09:21:04'),
(656, '17.5', 'REGULAR', 'QK SHIRT SG-01 - R 17.5', 1, 6125, 'SHSG-01', 1, 2, 20, 1, 1, '2024-03-04 09:21:46', NULL, '2024-03-04 09:21:46'),
(657, '14.5', 'SLIM', 'QK SHIRT SG-01 - S 14.5', 1, 6125, 'SHSG-01', 1, 2, 20, 1, 1, '2024-03-04 09:22:20', NULL, '2024-03-04 09:22:20'),
(658, '15', 'SLIM', 'QK SHIRT SG-01 - S 15', 1, 6125, 'SHSG-01', 1, 2, 20, 1, 1, '2024-03-04 09:23:05', NULL, '2024-03-04 09:23:05'),
(659, '15.5', 'SLIM', 'QK SHIRT SG-01 - S 15.5', 2, 6125, 'SHSG-01', 1, 2, 20, 1, 1, '2024-03-04 09:23:51', NULL, '2024-03-04 09:23:51'),
(660, '16', 'SLIM', 'QK SHIRT SG-01 - S 16', 2, 6125, 'SHSG-01', 1, 2, 20, 1, 1, '2024-03-04 09:24:21', NULL, '2024-03-04 09:24:21'),
(661, '16.5', 'SLIM', 'QK SHIRT SG-01 - S 16.5', 2, 6125, 'SHSG-01', 1, 2, 20, 1, 1, '2024-03-04 09:28:04', NULL, '2024-03-04 09:28:04'),
(662, '17', 'SLIM', 'QK SHIRT SG-01 - S 17', 1, 6125, 'SHSG-01', 1, 2, 20, 1, 1, '2024-03-04 09:28:45', NULL, '2024-03-04 09:28:45'),
(663, '17.5', 'SLIM', 'QK SHIRT SG-01 - S 17.5', 1, 6125, 'SHSG-01', 1, 2, 20, 1, 1, '2024-03-04 09:29:21', NULL, '2024-03-04 09:29:21'),
(664, '14.5', 'REGULAR', 'QK SHIRT SG-02 - R 14.5', 1, 6125, 'SHSG-02', 1, 2, 20, 1, 1, '2024-03-04 09:30:08', NULL, '2024-03-04 09:30:08'),
(665, '15.5', 'REGULAR', 'QK SHIRT SG-02 - R 15.5', 2, 6125, 'SHSG-02', 1, 2, 20, 1, 1, '2024-03-04 09:30:51', 1, '2024-03-04 09:39:16'),
(666, '16', 'REGULAR', 'QK SHIRT SG-02 - R 16', 1, 6125, 'SHSG-02', 1, 2, 20, 1, 1, '2024-03-04 09:33:18', 1, '2024-03-04 09:38:56'),
(667, '16.5', 'REGULAR', 'QK SHIRT SG-02 - R 16.5', 2, 6125, 'SHSG-02', 1, 2, 20, 1, 1, '2024-03-04 09:33:57', 1, '2024-03-04 09:38:39'),
(668, '17', 'REGULAR', 'QK SHIRT SG-02 - R 17', 1, 6125, 'SHSG-02', 1, 2, 20, 1, 1, '2024-03-04 09:34:45', NULL, '2024-03-04 09:34:45'),
(669, '14.5', 'SLIM', 'QK SHIRT SG-02 - S 14.5', 1, 6125, 'SHSG-02', 1, 2, 20, 1, 1, '2024-03-04 09:40:18', NULL, '2024-03-04 09:40:18'),
(670, '15', 'SLIM', 'QK SHIRT SG-02 - S 15', 1, 6125, 'SHSG-02', 1, 2, 20, 1, 1, '2024-03-04 09:41:38', NULL, '2024-03-04 09:41:38'),
(671, '15.5', 'SLIM', 'QK SHIRT SG-02 - S 15.5', 2, 6125, 'SHSG-02', 1, 2, 20, 1, 1, '2024-03-04 09:42:24', NULL, '2024-03-04 09:42:24'),
(672, '16', 'SLIM', 'QK SHIRT SG-02 - S 16', 2, 6125, 'SHSG-02', 1, 2, 20, 1, 1, '2024-03-04 09:43:24', NULL, '2024-03-04 09:43:24'),
(673, '16.5', 'SLIM', 'QK SHIRT SG-02 - S 16.5', 2, 6125, 'SHSG-02', 1, 2, 20, 1, 1, '2024-03-04 09:43:58', NULL, '2024-03-04 09:43:58'),
(674, '17', 'SLIM', 'QK SHIRT SG-02 - S 17', 2, 6125, 'SHSG-02', 1, 2, 20, 1, 1, '2024-03-04 09:44:32', NULL, '2024-03-04 09:44:32'),
(675, '17.5', 'SLIM', 'QK SHIRT SG-02 - S 17.5', 1, 6125, 'SHSG-02', 1, 2, 20, 1, 1, '2024-03-04 09:45:47', NULL, '2024-03-04 09:45:47'),
(676, '14.5', 'REGULAR', 'QK SHIRT SG-03 - R 14.5', 1, 6125, 'SHSG-03', 1, 2, 20, 1, 1, '2024-03-04 09:47:18', NULL, '2024-03-04 09:47:18'),
(677, '15', 'REGULAR', 'QK SHIRT SG-03 - R 15', 1, 6125, 'SHSG-03', 1, 2, 20, 1, 1, '2024-03-04 09:48:36', NULL, '2024-03-04 09:48:36'),
(678, '15.5', 'REGULAR', 'QK SHIRT SG-03 - R 15.5', 1, 6125, 'SHSG-03', 1, 2, 20, 1, 1, '2024-03-04 09:49:12', NULL, '2024-03-04 09:49:12'),
(679, '16', 'REGULAR', 'QK SHIRT SG-03 - R 16', 2, 6125, 'SHSG-03', 1, 2, 20, 1, 1, '2024-03-04 09:50:17', NULL, '2024-03-04 09:50:17'),
(680, '16.5', 'REGULAR', 'QK SHIRT SG-03 - R 16.5', 2, 6125, 'SHSG-03', 1, 2, 20, 1, 1, '2024-03-04 09:50:57', NULL, '2024-03-04 09:50:57'),
(681, '17', 'REGULAR', 'QK SHIRT SG-03 - R 17', 1, 6125, 'SHSG-03', 1, 2, 20, 1, 1, '2024-03-04 09:51:31', NULL, '2024-03-04 09:51:31'),
(682, '14.5', 'SLIM', 'QK SHIRT SG-03 - S 14.5', 1, 6125, 'SHSG-03', 1, 2, 20, 1, 1, '2024-03-04 09:52:05', NULL, '2024-03-04 09:52:05'),
(683, '15', 'SLIM', 'QK SHIRT SG-03 - S 15', 1, 6125, 'SHSG-03', 1, 2, 20, 1, 1, '2024-03-04 09:53:06', NULL, '2024-03-04 09:53:06'),
(684, '15.5', 'SLIM', 'QK SHIRT SG-03 - S 15.5', 2, 6125, 'SHSG-03', 1, 2, 20, 1, 1, '2024-03-04 09:53:40', NULL, '2024-03-04 09:53:40'),
(685, '16', 'SLIM', 'QK SHIRT SG-03 - S 16', 2, 6125, 'SHSG-03', 1, 2, 20, 1, 1, '2024-03-04 09:54:26', NULL, '2024-03-04 09:54:26'),
(686, '16.5', 'SLIM', 'QK SHIRT SG-03 - S 16.5', 2, 6125, 'SHSG-02', 1, 2, 20, 1, 1, '2024-03-04 09:56:04', NULL, '2024-03-04 09:56:04'),
(687, '17', 'SLIM', 'QK SHIRT SG-03 - S 17', 1, 6125, 'SHSG-03', 1, 2, 20, 1, 1, '2024-03-04 09:56:49', NULL, '2024-03-04 09:56:49'),
(688, '17.5', 'SLIM', 'QK SHIRT SG-03 - S 17.5', 1, 6125, 'SHSG-03', 1, 2, 20, 1, 1, '2024-03-04 09:57:23', NULL, '2024-03-04 09:57:23'),
(689, '14.5', 'REGULAR', 'QK SHIRT SG-05 - R 14.5', 1, 6125, 'SHSG-05', 1, 2, 20, 1, 1, '2024-03-04 09:58:10', NULL, '2024-03-04 09:58:10'),
(690, '15.5', 'REGULAR', 'QK SHIRT SG-05 - R 15.5', 2, 6125, 'SHSG-05', 1, 2, 20, 1, 1, '2024-03-04 09:59:41', NULL, '2024-03-04 09:59:41'),
(691, '16', 'REGULAR', 'QK SHIRT SG-05 - R 16', 2, 6125, 'SHSG-05', 1, 2, 20, 1, 1, '2024-03-04 10:00:11', NULL, '2024-03-04 10:00:11'),
(692, '16.5', 'REGULAR', 'QK SHIRT SG-05 - R 16.5', 2, 6125, 'SHSG-05', 1, 2, 20, 1, 1, '2024-03-04 10:00:42', NULL, '2024-03-04 10:00:42'),
(693, '17', 'REGULAR', 'QK SHIRT SG-05 - R 17', 1, 6125, 'SHSG-05', 1, 2, 20, 1, 1, '2024-03-04 10:01:24', NULL, '2024-03-04 10:01:24'),
(694, '17.5', 'REGULAR', 'QK SHIRT SG-05 - R 17.5', 1, 6125, 'SHSG-05', 1, 2, 20, 1, 1, '2024-03-04 10:02:25', NULL, '2024-03-04 10:02:25'),
(695, '14.5', 'SLIM', 'QK SHIRT SG-05 - S 14.5', 1, 6125, 'SHSG-05', 1, 2, 20, 1, 1, '2024-03-04 10:03:03', NULL, '2024-03-04 10:03:03'),
(696, '15.5', 'SLIM', 'QK SHIRT SG-05 - S 15.5', 2, 6125, 'SHSG-05', 1, 2, 20, 1, 1, '2024-03-04 10:04:22', NULL, '2024-03-04 10:04:22'),
(697, '16', 'SLIM', 'QK SHIRT SG-05 - S 16', 2, 6125, 'SHSG-05', 1, 2, 20, 1, 1, '2024-03-04 10:05:01', NULL, '2024-03-04 10:05:01'),
(698, '16.5', 'SLIM', 'QK SHIRT SG-05 - S 16.5', 2, 6125, 'SHSG-05', 1, 2, 20, 1, 1, '2024-03-04 10:05:32', NULL, '2024-03-04 10:05:32'),
(699, '17', 'SLIM', 'QK SHIRT SG-05 - S 17', 1, 6125, 'SHSG-05', 1, 2, 20, 1, 1, '2024-03-04 10:06:15', NULL, '2024-03-04 10:06:15'),
(700, '17.5', 'SLIM', 'QK SHIRT SG-05 - S 17.5', 1, 6125, 'SHSG-02', 1, 2, 20, 1, 1, '2024-03-04 10:07:10', NULL, '2024-03-04 10:07:10'),
(701, '14.5', 'REGULAR', 'QK SHIRT ZT-70-06 - R 14.5', 1, 9030, 'SZT70-06', 1, 2, 20, 1, 1, '2024-03-04 10:07:48', NULL, '2024-03-04 10:07:48'),
(702, '15', 'REGULAR', 'QK SHIRT ZT-70-06 - R 15', 1, 9030, 'SZT70-06', 1, 2, 20, 1, 1, '2024-03-04 10:09:01', NULL, '2024-03-04 10:09:01'),
(703, '15.5', 'REGULAR', 'QK SHIRT ZT-70-06 - R 15.5', 1, 9030, 'SZT70-06', 1, 2, 20, 1, 1, '2024-03-04 10:09:56', NULL, '2024-03-04 10:09:56'),
(704, '16.5', 'REGULAR', 'QK SHIRT ZT-70-06 - R 16.5', 1, 9030, 'SZT70-06', 1, 2, 20, 1, 1, '2024-03-04 10:11:35', NULL, '2024-03-04 10:11:35'),
(705, '17', 'REGULAR', 'QK SHIRT ZT-70-06 - R 17', 1, 9030, 'SZT70-06', 1, 2, 20, 1, 1, '2024-03-04 10:12:07', NULL, '2024-03-04 10:12:07'),
(706, '17.5', 'REGULAR', 'QK SHIRT ZT-70-06 - R 17.5', 1, 9030, 'SZT70-06', 1, 2, 20, 1, 1, '2024-03-04 10:12:56', NULL, '2024-03-04 10:12:56'),
(707, '14.5', 'SLIM', 'QK SHIRT ZT-70-06 - S 14.5', 1, 9030, 'SZT70-06', 1, 2, 20, 1, 1, '2024-03-04 10:14:00', NULL, '2024-03-04 10:14:00'),
(708, '15', 'SLIM', 'QK SHIRT ZT-70-06 - S 15', 1, 9030, 'SZT70-06', 1, 2, 20, 1, 1, '2024-03-04 10:15:15', NULL, '2024-03-04 10:15:15'),
(709, '15.5', 'SLIM', 'QK SHIRT ZT-70-06 - S 15.5', 2, 9030, 'SZT70-06', 1, 2, 20, 1, 1, '2024-03-04 10:16:25', NULL, '2024-03-04 10:16:25'),
(710, '16.5', 'SLIM', 'QK SHIRT ZT-70-06 - S 16.5', 3, 9030, 'SZT70-06', 1, 2, 20, 1, 1, '2024-03-04 10:16:59', NULL, '2024-03-04 10:16:59'),
(712, '17.5', 'SLIM', 'QK SHIRT ZT-70-06 - S 17.5', 1, 9030, 'SZT70-06', 1, 2, 20, 1, 1, '2024-03-04 10:18:15', NULL, '2024-03-04 10:18:15'),
(713, '14.5', 'REGULAR', 'QK SHIRT ZT-70-07 - R 14.5', 1, 9030, 'SZT70-07', 1, 2, 20, 1, 1, '2024-03-04 10:19:05', NULL, '2024-03-04 10:19:05'),
(714, '15', 'REGULAR', 'QK SHIRT ZT-70-07 - R 15', 1, 9030, 'SZT70-07', 1, 2, 20, 1, 1, '2024-03-04 10:19:41', NULL, '2024-03-04 10:19:41'),
(715, '15.5', 'REGULAR', 'QK SHIRT ZT-70-07 - R 15.5', 2, 9030, 'SZT70-07', 1, 2, 20, 1, 1, '2024-03-04 10:20:27', NULL, '2024-03-04 10:20:27'),
(716, '17', 'REGULAR', 'QK SHIRT ZT-70-07 - R 17', 1, 9030, 'SZT70-07', 1, 2, 20, 1, 1, '2024-03-04 10:21:19', NULL, '2024-03-04 10:21:19'),
(717, '17.5', 'REGULAR', 'QK SHIRT ZT-70-07 - R 17.5', 1, 9030, 'SZT70-07', 1, 2, 20, 1, 1, '2024-03-04 10:22:03', NULL, '2024-03-04 10:22:03'),
(718, '14.5', 'SLIM', 'QK SHIRT ZT-70-07 - S 14.5', 1, 9030, 'SZT70-07', 1, 2, 20, 1, 1, '2024-03-04 10:22:50', NULL, '2024-03-04 10:22:50'),
(719, '15', 'SLIM', 'QK SHIRT ZT-70-07 - S 15', 1, 9030, 'SZT70-07', 1, 2, 20, 1, 1, '2024-03-04 10:23:31', NULL, '2024-03-04 10:23:31'),
(720, '15.5', 'SLIM', 'QK SHIRT ZT-70-07 - S 15.5', 2, 9030, 'SZT70-07', 1, 2, 20, 1, 1, '2024-03-04 10:24:29', 1, '2024-03-04 10:25:49'),
(721, '16', 'SLIM', 'QK SHIRT ZT-70-07 - S 16', 2, 9030, 'SZT70-07', 1, 2, 20, 1, 1, '2024-03-04 10:26:27', NULL, '2024-03-04 10:26:27'),
(722, '16.5', 'SLIM', 'QK SHIRT ZT-70-07 - S 16.5', 1, 9030, 'SZT70-07', 1, 2, 20, 1, 1, '2024-03-04 10:27:16', NULL, '2024-03-04 10:27:16'),
(723, '17', 'SLIM', 'QK SHIRT ZT-70-07 - S 17', 1, 9030, 'SZT70-07', 1, 2, 20, 1, 1, '2024-03-04 10:27:51', NULL, '2024-03-04 10:27:51'),
(724, '17.5', 'SLIM', 'QK SHIRT ZT-70-07 - S 17.5', 1, 9030, 'SZT70-07', 1, 2, 20, 1, 1, '2024-03-04 10:28:29', NULL, '2024-03-04 10:28:29'),
(725, 'S', 'N/A', 'QK UNDERWARE - S', 128, 2975, 'QKUW5-S', 1, 2, 17, 1, 1, '2024-03-04 10:46:57', 1, '2024-03-04 10:59:53'),
(726, 'M', 'N/A', 'QK UNDERWARE - M', 156, 2975, 'QKUW5-M', 1, 2, 17, 1, 1, '2024-03-04 10:50:13', 1, '2024-03-04 11:00:09'),
(727, 'L', 'N/A', 'QK UNDERWARE - L', 40, 2975, 'QKUW5-L', 1, 2, 17, 1, 1, '2024-03-04 10:51:22', 1, '2024-03-04 11:01:01'),
(728, 'XL', 'N/A', 'QK UNDERWARE - XL', 92, 2975, 'QKUW5-XL', 1, 2, 17, 1, 1, '2024-03-04 10:52:50', 1, '2024-03-04 11:00:50'),
(729, '2XL', 'N/A', 'QK UNDERWARE - 2XL', 4, 2975, 'QKUW5-2XL', 1, 2, 17, 1, 1, '2024-03-04 11:02:10', NULL, '2024-03-04 11:02:10'),
(730, 'XS', 'BLACK', 'QK VEST - BLACK - XS', 5, 3325, 'QKV-B-XS', 1, 2, 21, 1, 1, '2024-03-04 11:20:36', NULL, '2024-03-04 11:20:36'),
(731, 'S', 'BLACK', 'QK VEST - BLACK - S', 5, 3325, 'QKV-B-S', 1, 2, 21, 1, 1, '2024-03-04 11:22:10', NULL, '2024-03-04 11:22:10'),
(732, 'M', 'BLACK', 'QK VEST - BLACK - M', 7, 3325, 'QKV-B-M', 1, 2, 21, 1, 1, '2024-03-04 11:22:48', NULL, '2024-03-04 11:22:48'),
(733, 'L', 'BLACK', 'QK VEST - BLACK - L', 5, 3325, 'QKV-B-L', 1, 2, 21, 1, 1, '2024-03-04 11:24:11', NULL, '2024-03-04 11:24:11'),
(734, 'XL', 'BLACK', 'QK VEST - BLACK - XL', 4, 3325, 'QKV-B-XL', 1, 2, 21, 1, 1, '2024-03-04 11:25:03', NULL, '2024-03-04 11:25:03'),
(735, '2XL', 'BLACK', 'QK VEST - BLACK - 2XL', 4, 3325, 'QKV-B-2XL', 1, 2, 21, 1, 1, '2024-03-04 11:25:53', NULL, '2024-03-04 11:25:53'),
(736, 'S', 'WHITE', 'QK VEST - WHITE - S', 5, 3325, 'QKV-W-S', 1, 2, 21, 1, 1, '2024-03-04 11:43:02', NULL, '2024-03-04 11:43:02'),
(737, 'M', 'WHITE', 'QK VEST - WHITE - M', 8, 3325, 'QKV-W-M', 1, 2, 21, 1, 1, '2024-03-04 11:44:10', NULL, '2024-03-04 11:44:10'),
(738, 'L', 'WHITE', 'QK VEST - WHITE - L', 5, 3325, 'QKV-W-L', 1, 2, 21, 1, 1, '2024-03-04 11:46:51', NULL, '2024-03-04 11:46:51'),
(739, 'XL', 'WHITE', 'QK VEST - WHITE - XL', 5, 3325, 'QKV-W-XL', 1, 2, 21, 1, 1, '2024-03-04 11:47:33', NULL, '2024-03-04 11:47:33'),
(740, '2XL', 'WHITE', 'QK VEST - WHITE - 2XL', 4, 3325, 'QKV-W-2XL', 1, 2, 21, 1, 1, '2024-03-04 11:53:56', NULL, '2024-03-04 11:53:56'),
(741, 'N/A', 'D. BLUE', 'QK X BELT - PAGE BOY - D BLUE', 20, 4550, 'QKXBK8-DB', 1, 2, 38, 1, 1, '2024-03-04 11:57:53', NULL, '2024-03-04 11:57:53'),
(742, 'N/A', 'GREY', 'QK X BELT - PAGE BOY - GREY', 20, 4550, 'QKXBK8-GR', 1, 2, 38, 1, 1, '2024-03-04 12:00:07', NULL, '2024-03-04 12:00:07'),
(743, 'N/A', 'BEIGE', 'QK X BELT - PAGE BOY - BEIGE', 19, 4550, 'QKXBK8-BE', 1, 2, 38, 1, 1, '2024-03-04 12:00:50', NULL, '2024-03-04 12:00:50'),
(744, 'N/A', 'BLACK', 'QK X BELT - PAGE BOY - BLACK', 20, 4550, 'QKXBK8-BL', 1, 2, 38, 1, 1, '2024-03-04 12:01:21', NULL, '2024-03-04 12:01:21'),
(745, 'N/A', 'RED', 'QK X BELT - PAGE BOY - RED', 20, 4550, 'QKXBK8-RE', 1, 2, 38, 1, 1, '2024-03-04 12:02:01', NULL, '2024-03-04 12:02:01'),
(746, 'N/A', 'D. BLUE', 'QK UMBRELLA', 29, 6825, 'QKUMB0017', 1, 2, 16, 1, 1, '2024-03-04 12:03:30', NULL, '2024-03-04 12:03:30'),
(747, 'N/A', 'N/A', 'QK SOCKS', 225, 1365, 'QKSCK0012', 1, 2, 34, 1, 1, '2024-03-04 12:04:41', NULL, '2024-03-04 12:04:41'),
(748, 'N/A', 'D. BLUE', 'QK WOODEN BELT BOX', 5, 4165, 'QKWBB0011', 1, 2, 39, 1, 1, '2024-03-04 12:22:51', NULL, '2024-03-04 12:22:51'),
(749, 'N/A', 'BLACK', 'QK HAT - BLACK', 4, 12950, 'QKHT1-BL', 1, 2, 13, 1, 1, '2024-03-04 12:23:42', NULL, '2024-03-04 12:23:42'),
(750, 'N/A', 'WINE RED', 'QK HAT - WINE RED', 3, 12950, 'QKHT1-WR', 1, 2, 13, 1, 1, '2024-03-05 05:24:47', NULL, '2024-03-05 05:24:47'),
(751, 'N/A', 'BLACK', 'QK BACKPACK - BLACK', 5, 30449.999999999996, 'QKLBP0019', 1, 2, 27, 1, 1, '2024-03-05 06:30:00', NULL, '2024-03-05 06:30:00'),
(752, 'N/A', 'BROWN', 'QK DOUBLE POCKET LEATHER BAG - BROWN', 3, 48300, 'QKLBDP18B', 1, 2, 27, 1, 1, '2024-03-05 06:35:26', NULL, '2024-03-05 06:35:26'),
(753, 'N/A', 'WINE RED', 'QK DOUBLE POCKET LEATHER BAG - WINE RED', 3, 48300, 'QKLBDP18W', 1, 2, 27, 1, 1, '2024-03-05 06:36:18', NULL, '2024-03-05 06:36:18'),
(754, 'N/A', 'N/A', 'QK BELT', 108, 8750, 'QKBLT0013', 1, 2, 23, 1, 1, '2024-03-05 06:39:06', NULL, '2024-03-05 06:39:06'),
(755, 'N/A', 'N/A', 'QK BELT', 22, 13650, 'QKBLT13-1', 1, 2, 23, 1, 1, '2024-03-05 06:39:49', NULL, '2024-03-05 06:39:49'),
(756, 'N/A', 'BLUE', 'QK HANDKERCHIEF - BLUE', 46, 665, 'QKHRCH15B', 1, 2, 18, 1, 1, '2024-03-05 06:40:53', NULL, '2024-03-05 06:40:53'),
(757, 'N/A', 'WHITE', 'QK HANDKERCHIEF - WHITE', 57, 665, 'QKHRCH15W', 1, 2, 18, 1, 1, '2024-03-05 06:41:32', NULL, '2024-03-05 06:41:32'),
(758, 'N/A', 'BLACK', 'QK WALLET - BLACK', 2, 5593, 'QKWT2-BL', 1, 2, 15, 1, 1, '2024-03-05 06:48:38', NULL, '2024-03-05 06:48:38'),
(759, 'N/A', 'BROWN', 'QK WALLET - BROWN', 4, 5593, 'QKWT2-BR', 1, 2, 15, 1, 1, '2024-03-05 07:18:31', NULL, '2024-03-05 07:18:31'),
(760, 'N/A', 'D. BLUE', 'QK BOW - PLAIN - D. BLUE', 24, 2765, 'QKBW0016', 1, 2, 26, 1, 1, '2024-03-05 07:32:10', NULL, '2024-03-05 07:32:10'),
(761, 'N/A', 'BLUE', 'QK BOW - PLAIN - BLUE', 15, 2765, 'QKBW0016', 1, 2, 26, 1, 1, '2024-03-05 07:35:17', NULL, '2024-03-05 07:35:17'),
(762, 'N/A', 'MAROON', 'QK BOW - PLAIN - MAROON', 6, 2765, 'QKBW0016', 1, 2, 26, 1, 1, '2024-03-05 07:36:02', NULL, '2024-03-05 07:36:02'),
(763, 'N/A', 'BLACK', 'QK BOW - PLAIN - BLACK', 18, 2765, 'QKBW0016', 1, 2, 26, 1, 1, '2024-03-05 07:37:08', NULL, '2024-03-05 07:37:08'),
(764, 'N/A', 'BEIGE', 'QK BOW - PLAIN - BEIGE', 9, 2765, 'QKBW0016', 1, 2, 26, 1, 1, '2024-03-05 07:47:41', NULL, '2024-03-05 07:47:41'),
(765, 'N/A', 'SILVER', 'QK BOW - PLAIN - SILVER', 23, 2765, 'QKBW0016', 1, 2, 26, 1, 1, '2024-03-05 07:49:10', NULL, '2024-03-05 07:49:10'),
(766, 'N/A', 'RED', 'QK BOW - PLAIN - RED', 7, 2765, 'QKBW0016', 1, 2, 26, 1, 1, '2024-03-05 07:55:37', NULL, '2024-03-05 07:55:37'),
(767, 'N/A', 'RED', 'QK BOW - DESIGN - RED', 7, 4865, 'QKBWD001', 1, 2, 26, 1, 1, '2024-03-05 08:54:01', NULL, '2024-03-05 08:54:01'),
(768, 'N/A', 'L. BLUE', 'QK BOW - DESIGN - L. BLUE', 7, 4865, 'QKBWD001', 1, 2, 26, 1, 1, '2024-03-05 08:54:50', NULL, '2024-03-05 08:54:50'),
(769, 'N/A', 'D. BLUE', 'QK BOW - DESIGN - D. BLUE', 7, 4865, 'QKBWD001', 1, 2, 26, 1, 1, '2024-03-05 08:56:13', NULL, '2024-03-05 08:56:13'),
(771, '46A/81', 'G21238-103', 'QK GENTS SUIT - G21238-103 - 46A/81', 2, 60864.99999999999, 'QKGS001', 1, 2, 29, 1, 1, '2024-03-08 12:07:17', 1, '2024-04-02 05:39:34'),
(775, '50A/87', '9199-6', 'QK GENTS SUIT - 9199-6 - 50A/87', 1, 67865, 'QKGS003', 1, 2, 29, 1, 1, '2024-03-08 12:14:42', NULL, '2024-03-08 12:14:42'),
(776, '48A/91', '9199-6', 'QK GENTS SUIT - 9199-6 - 48A/91', 1, 67865, 'QKGS003', 1, 2, 29, 1, 1, '2024-03-08 12:16:16', NULL, '2024-03-08 12:16:16'),
(777, '46A/81', '9199-6', 'QK GENTS SUIT - 9199-6 - 46A/81', 1, 67865, 'QKGS003', 1, 2, 29, 1, 1, '2024-03-08 12:17:46', 1, '2024-04-02 05:40:53'),
(778, '44A/75', '9199-6', 'QK GENTS SUIT - 9199-6 - 44A/75', 1, 67865, 'QKGS003', 1, 2, 29, 1, 1, '2024-03-08 12:18:36', NULL, '2024-03-08 12:18:36'),
(779, '50B/91', '2138/4', 'QK GENTS SUIT - 2138/4 - 50B/91', 4, 67865, 'QKGS004', 1, 2, 29, 1, 1, '2024-03-08 12:19:37', 1, '2024-03-08 12:22:25'),
(780, '48B/87', '2138/4', 'QK GENTS SUIT - 2138/4 - 48B/87', 3, 67865, 'QKGS004', 1, 2, 29, 1, 1, '2024-03-09 04:21:36', 1, '2024-04-02 05:41:34'),
(781, '52B/97', '2138/4', 'QK GENTS SUIT - 2138/4 - 52B/97', 1, 67865, 'QKGS004', 1, 2, 29, 1, 1, '2024-03-15 10:30:48', NULL, '2024-03-15 10:30:48'),
(783, '46B/81', '2138/4', 'QK GENTS SUIT - 2138/4 - 46B/81', 2, 67865, 'QKGS004', 1, 2, 29, 1, 1, '2024-03-15 10:34:44', 1, '2024-04-02 05:42:00'),
(784, '50B/91', 'H57154-1', 'QK GENTS SUIT - H57154-1 - 50B/91', 1, 59464.99999999999, 'QKGS005', 1, 2, 29, 1, 1, '2024-03-15 10:35:37', NULL, '2024-03-15 10:35:37'),
(785, '46B/81', 'H57154-1', 'QK GENTS SUIT - H57154-1 - 46B/81', 1, 59464.99999999999, 'QKGS005', 1, 2, 29, 1, 1, '2024-03-15 10:42:20', NULL, '2024-03-15 10:42:20'),
(786, '48A/91', '2138-6#', 'QK GENTS SUIT - 2138-6# - 48A/91', 2, 60864.99999999999, 'QKGS006', 1, 2, 29, 1, 1, '2024-03-15 10:48:32', 1, '2024-04-02 05:42:31'),
(787, '50A/91', '2138-6#', 'QK GENTS SUIT - 2138-6# - 50A/91', 1, 60864.99999999999, 'QKGS006', 1, 2, 29, 1, 1, '2024-03-15 10:49:14', NULL, '2024-03-15 10:49:14'),
(788, '52A/97', '2138-6#', 'QK GENTS SUIT - 2138-6# - 52A/97', 1, 60864.99999999999, 'QKGS006', 1, 2, 29, 1, 1, '2024-03-15 10:50:03', NULL, '2024-03-15 10:50:03'),
(789, '54A/101', '2138-6#', 'QK GENTS SUIT - 2138-6# - 54A/101', 1, 60864.99999999999, 'QKGS006', 1, 2, 29, 1, 1, '2024-03-15 10:50:44', NULL, '2024-03-15 10:50:44'),
(791, '44A/75', 'G21238-753', 'QK GENTS SUIT - G21238-753 - 44A/75', 1, 60864.99999999999, 'QKGS007', 1, 2, 29, 1, 1, '2024-03-15 10:57:19', NULL, '2024-03-15 10:57:19'),
(793, '50A/87', 'G21238-753', 'QK GENTS SUIT - G21238-753 - 50A/87', 1, 60864.99999999999, 'QKGS007', 1, 2, 29, 1, 1, '2024-03-15 11:07:03', NULL, '2024-03-15 11:07:03'),
(794, '50A/91', 'G21238-753', 'QK GENTS SUIT - G21238-753 - 50A/91', 1, 60864.99999999999, 'QKGS007', 1, 2, 29, 1, 1, '2024-03-15 11:07:50', NULL, '2024-03-15 11:07:50'),
(795, '46A/81', 'G21238-753', 'QK GENTS SUIT - G21238-753 - 46A/81', 1, 60864.99999999999, 'QKGS007', 1, 2, 29, 1, 1, '2024-03-15 11:09:44', NULL, '2024-03-15 11:09:44'),
(797, '44A/75', 'W315006-19', 'QK GENTS SUIT - W315006-19 - 44A/75', 1, 58764.99999999999, 'QKGS008', 1, 2, 29, 1, 1, '2024-03-15 11:16:52', NULL, '2024-03-15 11:16:52'),
(798, '46A/81', 'W315006-19', 'QK GENTS SUIT - W315006-19 - 46A/81', 2, 58764.99999999999, 'QKGS008', 1, 2, 29, 1, 1, '2024-03-15 11:17:36', 1, '2024-04-02 05:43:01'),
(800, '50A/91', 'W315006-19', 'QK GENTS SUIT - W315006-19 - 50A/91', 1, 58764.99999999999, 'QKGS008', 1, 2, 29, 1, 1, '2024-03-15 11:19:30', NULL, '2024-03-15 11:19:30'),
(801, '52A/97', 'W315006-19', 'QK GENTS SUIT - W315006-19 - 52A/97', 1, 58764.99999999999, 'QKGS008', 1, 2, 29, 1, 1, '2024-03-15 11:20:13', NULL, '2024-03-15 11:20:13'),
(802, '46A/81', 'W318351-1-1', 'QK GENTS SUIT - W318351-1-1 - 46A/81', 2, 65064.99999999999, 'QKGS009', 1, 2, 29, 1, 1, '2024-03-15 11:21:05', NULL, '2024-03-15 11:21:05'),
(803, '44A/75', 'W318351-1-1', 'QK GENTS SUIT - W318351-1-1 - 44A/75', 1, 65064.99999999999, 'QKGS009', 1, 2, 29, 1, 1, '2024-03-15 11:21:56', NULL, '2024-03-15 11:21:56'),
(804, '48A/87', 'W318351-1-1', 'QK GENTS SUIT - W318351-1-1 - 48A/87', 2, 65064.99999999999, 'QKGS009', 1, 2, 29, 1, 1, '2024-03-15 11:26:29', 1, '2024-03-30 06:03:17'),
(805, '50A/87', 'W318351-1-1', 'QK GENTS SUIT - W318351-1-1 - 50A/87', 1, 65064.99999999999, 'QKGS009', 1, 2, 29, 1, 1, '2024-03-15 11:28:14', 1, '2024-03-30 06:03:04'),
(807, '48A/91', 'G21238-900', 'QK GENTS SUIT - G21238-900 - 48A/91', 1, 67865, 'QKGS010', 1, 2, 29, 1, 1, '2024-03-15 11:30:35', NULL, '2024-03-15 11:30:35'),
(808, '50A/87', 'G21238-900', 'QK GENTS SUIT - G21238-900 - 50A/87', 1, 67865, 'QKGS010', 1, 2, 29, 1, 1, '2024-03-23 10:44:26', NULL, '2024-03-23 10:44:26'),
(809, '50A/91', 'G21238-900', 'QK GENTS SUIT - G21238-900 - 50A/91', 1, 67865, 'QKGS010', 1, 2, 29, 1, 1, '2024-03-23 10:58:36', NULL, '2024-03-23 10:58:36'),
(810, '52A/97', 'G21238-900', 'QK GENTS SUIT - G21238-900 - 52A/97', 1, 67865, 'QKGS010', 1, 2, 29, 1, 1, '2024-03-23 10:59:38', NULL, '2024-03-23 10:59:38'),
(811, '54A/101', 'G21238-900', 'QK GENTS SUIT - G21238-900 - 54A/101', 1, 67865, 'QKGS010', 1, 2, 29, 1, 1, '2024-03-23 11:00:35', NULL, '2024-03-23 11:00:35'),
(812, '46A/81', 'W315018-51', 'QK GENTS SUIT - W315018-51 - 46A/81', 1, 64364.99999999999, 'QKGS011', 1, 2, 29, 1, 1, '2024-03-23 11:02:53', NULL, '2024-03-23 11:02:53'),
(813, '48A/87', 'W315018-51', 'QK GENTS SUIT - W315018-51 - 48A/87', 1, 64364.99999999999, 'QKGS011', 1, 2, 29, 1, 1, '2024-03-23 11:34:34', NULL, '2024-03-23 11:34:34'),
(818, '48B/87', 'K21001-2', 'QK GENTS SUIT - K21001-2 - 48B/87', 2, 58064.99999999999, 'QKGS013', 1, 2, 29, 1, 1, '2024-03-23 11:56:49', NULL, '2024-03-23 11:56:49'),
(821, '48A/91', 'W317007-4', 'QK GENTS SUIT - W317007-4 - 48A/91', 1, 55965, 'QKGS014', 1, 2, 29, 1, 1, '2024-03-23 11:59:29', NULL, '2024-03-23 11:59:29'),
(822, '50A/91', 'W317007-4', 'QK GENTS SUIT - W317007-4 - 50A/91', 1, 55965, 'QKGS014', 1, 2, 29, 1, 1, '2024-03-23 12:00:17', NULL, '2024-03-23 12:00:17'),
(823, '50A/87', 'W317007-4', 'QK GENTS SUIT - W317007-4 - 50A/87', 1, 55965, 'QKGS014', 1, 2, 29, 1, 1, '2024-03-23 12:02:02', NULL, '2024-03-23 12:02:02'),
(824, '44A/75', 'W239005-1', 'QK GENTS SUIT - W239005-1 - 44A/75', 1, 137865, 'QKGS015', 1, 2, 29, 1, 1, '2024-03-23 12:02:59', NULL, '2024-03-23 12:02:59'),
(825, '46A/81', 'W239005-1', 'QK GENTS SUIT - W239005-1 - 46A/81', 2, 137865, 'QKGS015', 1, 2, 29, 1, 1, '2024-03-23 12:04:43', NULL, '2024-03-23 12:04:43'),
(826, '48A/87', 'W239005-1', 'QK GENTS SUIT - W239005-1 - 48A/87', 1, 137865, 'QKGS015', 1, 2, 29, 1, 1, '2024-03-23 12:07:26', NULL, '2024-03-23 12:07:26'),
(827, '50A/91', 'W239005-1', 'QK GENTS SUIT - W239005-1 - 50A/91', 1, 137865, 'QKGS015', 1, 2, 29, 1, 1, '2024-03-23 12:09:30', NULL, '2024-03-23 12:09:30'),
(828, '54A/101', 'W239005-1', 'QK GENTS SUIT - W239005-1 - 54A/101', 1, 137865, 'QKGS015', 1, 2, 29, 1, 1, '2024-03-23 12:10:22', NULL, '2024-03-23 12:10:22'),
(830, '50A/91', 'G21238-752', 'QK GENTS SUIT - G21238-752 - 50A/91', 3, 66465, 'QKGS016', 1, 2, 29, 1, 1, '2024-03-23 12:11:52', 1, '2024-04-02 05:43:34'),
(831, '48A/87', 'G21238-752', 'QK GENTS SUIT - G21238-752 - 48A/87', 2, 66465, 'QKGS016', 1, 2, 29, 1, 1, '2024-03-23 12:12:32', 1, '2024-04-02 05:43:56'),
(832, '46A/81', 'G21238-752', 'QK GENTS SUIT - G21238-752 - 46A/81', 1, 66465, 'QKGS016', 1, 2, 29, 1, 1, '2024-03-23 12:13:14', NULL, '2024-03-23 12:13:14'),
(834, '48A/87', 'G21238-191', 'QK GENTS SUIT - G21238-191 - 48A/87', 1, 57364.99999999999, 'QKGS017', 1, 2, 29, 1, 1, '2024-03-23 12:15:00', NULL, '2024-03-23 12:15:00'),
(835, '50A/91', 'G21238-191', 'QK GENTS SUIT - G21238-191 - 50A/91', 2, 57364.99999999999, 'QKGS017', 1, 2, 29, 1, 1, '2024-03-23 12:16:59', NULL, '2024-03-23 12:16:59'),
(836, '52A/97', 'G21238-191', 'QK GENTS SUIT - G21238-191 - 52A/97', 1, 57364.99999999999, 'QKGS017', 1, 2, 29, 1, 1, '2024-03-23 12:18:00', NULL, '2024-03-23 12:18:00'),
(837, '52A/97', 'G21238-191', 'QK GENTS SUIT - G21238-191 - 52A/97', 1, 57364.99999999999, 'QKGS017', 1, 2, 29, 1, 1, '2024-03-26 08:03:17', NULL, '2024-03-26 08:03:17'),
(838, '54A/101', 'X311205-4', 'QK GENTS SUIT - X311205-4 - 54A/101', 1, 66465, 'QKGS018', 1, 2, 29, 1, 1, '2024-03-26 08:19:53', NULL, '2024-03-26 08:19:53'),
(839, '52A/97', 'X311205-4', 'QK GENTS SUIT - X311205-4 - 52A/97', 1, 66465, 'QKGS018', 1, 2, 29, 1, 1, '2024-03-26 08:20:33', NULL, '2024-03-26 08:20:33'),
(840, '50A/91', 'X311205-4', 'QK GENTS SUIT - X311205-4 - 50A/91', 2, 66465, 'QKGS018', 1, 2, 29, 1, 1, '2024-03-26 08:21:21', NULL, '2024-03-26 08:21:21'),
(841, '46A/81', 'X311205-4', 'QK GENTS SUIT - X311205-4 - 46A/81', 2, 66465, 'QKGS018', 1, 2, 29, 1, 1, '2024-03-26 09:48:43', NULL, '2024-03-26 09:48:43'),
(842, '44A/75', 'X311205-4', 'QK GENTS SUIT - X311205-4 - 44A/75', 1, 66465, 'QKGS018', 1, 2, 29, 1, 1, '2024-03-26 09:49:29', NULL, '2024-03-26 09:49:29'),
(853, '52B/97', 'K21001-1', 'QK GENTS SUIT - K21001-1 - 52B/97', 1, 58064.99999999999, 'QKGS022', 1, 2, 29, 1, 1, '2024-03-26 11:23:39', NULL, '2024-03-26 11:23:39'),
(854, '50B/91', 'K21001-1', 'QK GENTS SUIT - K21001-1 - 50B/91', 1, 58064.99999999999, 'QKGS022', 1, 2, 29, 1, 1, '2024-03-26 11:25:24', NULL, '2024-03-26 11:25:24'),
(855, '48B/87', 'K21001-1', 'QK GENTS SUIT - K21001-1 - 48B/87', 1, 58064.99999999999, 'QKGS022', 1, 2, 29, 1, 1, '2024-03-26 11:26:05', NULL, '2024-03-26 11:26:05'),
(856, '48A/87', 'K31102-2', 'QK GENTS SUIT - K31102-2 - 48A/87', 1, 135065, 'QKGS023', 1, 2, 29, 1, 1, '2024-03-26 11:27:04', NULL, '2024-03-26 11:27:04'),
(857, '46A/81', 'K31102-2', 'QK GENTS SUIT - K31102-2 - 46A/81', 1, 135065, 'QKGS023', 1, 2, 29, 1, 1, '2024-03-26 11:27:58', NULL, '2024-03-26 11:27:58'),
(858, '44A/75', 'K31102-2', 'QK GENTS SUIT - K31102-2 - 44A/75', 1, 135065, 'QKGS023', 1, 2, 29, 1, 1, '2024-03-26 11:30:11', NULL, '2024-03-26 11:30:11'),
(859, '160/82, 160/68', '1692-3', 'QK LADIES SUIT - 1692-3 - 160/82, 160/68', 1, 58764.99999999999, 'QKLS001', 1, 1, 28, 1, 1, '2024-03-28 07:03:13', NULL, '2024-03-28 07:03:13'),
(860, '165/84 , 170/82', '1692-3', 'QK LADIES SUIT - 1692-3 - 165/84 , 170/82', 1, 58764.99999999999, 'QKLS001', 1, 1, 28, 1, 1, '2024-03-28 07:04:16', NULL, '2024-03-28 07:04:16'),
(861, '160/86, 165/72', '1692-3', 'QK LADIES SUIT - 1692-3 - 160/86, 165/72', 1, 58764.99999999999, 'QKLS001', 1, 1, 28, 1, 1, '2024-03-28 07:05:02', NULL, '2024-03-28 07:05:02'),
(862, '160/90, 170/78', '1692-3', 'QK LADIES SUIT - 1692-3 - 160/90, 170/78', 1, 58764.99999999999, 'QKLS001', 1, 1, 28, 1, 1, '2024-03-28 07:05:40', NULL, '2024-03-28 07:05:40'),
(863, '160/82 , 160/68', 'ZM3176Q-12', 'QK LADIES SUIT - ZM3176Q-12 - 160/82 , 160/68', 1, 58764.99999999999, 'QKLS002', 1, 1, 28, 1, 1, '2024-03-28 07:06:31', NULL, '2024-03-28 07:06:31'),
(864, '160/86 , 165/72', 'ZM3176Q-12', 'QK LADIES SUIT - ZM3176Q-12 - 160/86 , 165/72', 1, 58764.99999999999, 'QKLS002', 1, 1, 28, 1, 1, '2024-03-28 07:07:12', NULL, '2024-03-28 07:07:12'),
(865, '160/90 , 170/78', 'ZM3176Q-12', 'QK LADIES SUIT - ZM3176Q-12 - 160/90 , 170/78', 1, 58764.99999999999, 'QKLS002', 1, 1, 28, 1, 1, '2024-03-28 07:08:23', NULL, '2024-03-28 07:08:23'),
(866, '165/90 , 170/84', 'ZM3176Q-12', 'QK LADIES SUIT - ZM3176Q-12 - 165/90 , 170/84', 1, 58764.99999999999, 'QKLS002', 1, 1, 28, 1, 1, '2024-03-28 07:09:01', NULL, '2024-03-28 07:09:01'),
(867, '160/82 , 160/68', '5054-33', 'QK LADIES SUIT - 5054-33 - 160/82 , 160/68', 1, 55965, 'QKLS003', 1, 1, 28, 1, 1, '2024-03-28 07:09:49', NULL, '2024-03-28 07:09:49'),
(868, '165/84 , 170/82', '5054-33', 'QK LADIES SUIT - 5054-33 - 165/84 , 170/82', 1, 55965, 'QKLS003', 1, 1, 28, 1, 1, '2024-03-28 07:10:36', NULL, '2024-03-28 07:10:36'),
(869, '160/86 , 165/72', '5054-33', 'QK LADIES SUIT - 5054-33 - 160/86 , 165/72', 1, 55965, 'QKLS003', 1, 1, 28, 1, 1, '2024-03-28 07:11:27', NULL, '2024-03-28 07:11:27'),
(870, '160/90 , 170/78', '5054-33', 'QK LADIES SUIT - 5054-33 - 160/90 , 170/78', 1, 55965, 'QKLS003', 1, 1, 28, 1, 1, '2024-03-28 07:12:21', NULL, '2024-03-28 07:12:21'),
(871, '165/90 , 170/84', '5054-33', 'QK LADIES SUIT - 5054-33 - 165/90 , 170/84', 1, 55965, 'QKLS003', 1, 1, 28, 1, 1, '2024-03-28 07:12:57', NULL, '2024-03-28 07:12:57'),
(872, '160/88 , 165/74', '5054-33', 'QK LADIES SUIT - 5054-9 - 160/88 , 165/74', 1, 39865, 'QKLS004', 1, 1, 28, 1, 1, '2024-03-28 07:14:17', NULL, '2024-03-28 07:14:17'),
(873, '155/80 , 160/68', '5054-9', 'QK LADIES SUIT - 5054-9 - 155/80 , 160/68', 1, 39865, 'QKLS004', 1, 1, 28, 1, 1, '2024-03-28 07:15:46', NULL, '2024-03-28 07:15:46'),
(874, '160/84 , 165/76', '5054-9', 'QK LADIES SUIT - 5054-9 - 160/84 , 165/76', 1, 39865, 'QKLS004', 1, 1, 28, 1, 1, '2024-03-28 07:16:22', NULL, '2024-03-28 07:16:22'),
(875, '160/82 , 160/68', '81665-205', 'QK LADIES SUIT - 81665-205 - 160/82 , 160/68 - WC', 1, 80500, 'QKLS005', 1, 1, 28, 1, 1, '2024-03-28 07:23:45', NULL, '2024-03-28 07:23:45'),
(876, '160/86 , 165/72', '81665-205', 'QK LADIES SUIT - 81665-205 - 160/86 , 165/72 - WC', 1, 80500, 'QKLS005', 1, 1, 28, 1, 1, '2024-03-28 07:27:32', NULL, '2024-03-28 07:27:32'),
(877, '160/90 , 170/78', '81665-205', 'QK LADIES SUIT - 81665-205 - 160/90 , 170/78 - WC', 2, 80500, 'QKLS005', 1, 1, 28, 1, 1, '2024-03-28 07:28:12', 1, '2024-03-31 10:01:36'),
(878, '165/84 , 170/82', '81665-205', 'QK LADIES SUIT - 81665-205 - 165/84 , 170/82 - WC', 1, 80500, 'QKLS005', 1, 1, 28, 1, 1, '2024-03-28 07:28:48', NULL, '2024-03-28 07:28:48'),
(879, '165/90 , 170/84', '81665-205', 'QK LADIES SUIT - 81665-205 - 165/90 , 170/84 - WC', 1, 80500, 'QKLS005', 1, 1, 28, 1, 1, '2024-03-28 07:30:22', NULL, '2024-03-28 07:30:22'),
(880, '160/82 , 170/82', '2133-12', 'QK LADIES SUIT - 2133-12 - 160/82 , 170/82', 1, 55965, 'QKLS006', 1, 1, 28, 1, 1, '2024-03-28 07:40:12', NULL, '2024-03-28 07:40:12'),
(881, '160/90 , 170/78', '2133-12', 'QK LADIES SUIT - 2133-12 - 160/90 , 170/78', 1, 55965, 'QKLS006', 1, 1, 28, 1, 1, '2024-03-28 07:40:52', NULL, '2024-03-28 07:40:52'),
(882, '165/90 , 170/84', '2133-12', 'QK LADIES SUIT - 2133-12 - 165/90 , 170/84', 1, 55965, 'QKLS006', 1, 1, 28, 1, 1, '2024-03-28 07:41:39', NULL, '2024-03-28 07:41:39'),
(884, '160/82 , 170/78', 'TX233015', 'QK LADIES SUIT - TX233015 - 160/82 , 170/78', 1, 30064.999999999996, 'QKLS007', 1, 1, 28, 1, 1, '2024-03-28 08:41:32', NULL, '2024-03-28 08:41:32'),
(885, '160/86 , 165/72', 'TX233015', 'QK LADIES SUIT - TX233015 - 160/86 , 165/72', 1, 30064.999999999996, 'QKLS007', 1, 1, 28, 1, 1, '2024-03-28 08:42:23', NULL, '2024-03-28 08:42:23'),
(886, '165/84 , 160/68', 'TX233015', 'QK LADIES SUIT - TX233015 - 165/84 , 160/68', 1, 30064.999999999996, 'QKLS007', 1, 1, 28, 1, 1, '2024-03-28 09:03:39', NULL, '2024-03-28 09:03:39'),
(887, '160/90 , 170/82', '31900-16', 'QK LADIES SUIT - 31900-16 - 160/90 , 170/82', 1, 30064.999999999996, 'QKLS008', 1, 1, 28, 1, 1, '2024-03-28 09:04:59', NULL, '2024-03-28 09:04:59'),
(888, '160/86 , 170/78', '31900-16', 'QK LADIES SUIT - 31900-16 - 160/86 , 170/78', 1, 30064.999999999996, 'QKLS008', 1, 1, 28, 1, 1, '2024-03-28 09:05:49', NULL, '2024-03-28 09:05:49'),
(890, '160/82 , 160/68', '31900-16', 'QK LADIES SUIT - 31900-16 - 160/82 , 160/68', 1, 30064.999999999996, 'QKLS008', 1, 1, 28, 1, 1, '2024-03-28 09:08:10', NULL, '2024-03-28 09:08:10'),
(891, '160/90 , 160/68', '2021A-13', 'QK LADIES SUIT - 2021A-13 - 160/90 , 160/68', 1, 51765, 'QKLS009', 1, 1, 28, 1, 1, '2024-03-28 09:08:54', NULL, '2024-03-28 09:08:54'),
(892, '165/90 , 170/84', '2021A-13', 'QK LADIES SUIT - 2021A-13 - 165/90 , 170/84', 1, 51765, 'QKLS009', 1, 1, 28, 1, 1, '2024-03-28 09:12:40', NULL, '2024-03-28 09:12:40'),
(893, '160/82 , 170/82', '2021A-13', 'QK LADIES SUIT - 2021A-13 - 160/82 , 170/82', 1, 51765, 'QKLS009', 1, 1, 28, 1, 1, '2024-03-28 09:14:00', NULL, '2024-03-28 09:14:00'),
(894, '160/80', 'NBYW9001 ', 'QK LADIES SUIT - NBYW9001 - 160/80', 1, 46865, 'QKLS010', 1, 1, 28, 1, 1, '2024-03-28 09:16:44', NULL, '2024-03-28 09:16:44'),
(895, '160/82 , 160/68', '81665-204', 'QK LADIES SUIT - 81665-204 - 160/82 , 160/68', 1, 66500, 'QKLS011', 1, 1, 28, 1, 1, '2024-03-28 09:17:41', NULL, '2024-03-28 09:17:41'),
(896, '165/84 , 170/82', '81665-204', 'QK LADIES SUIT - 81665-204 - 165/84 , 170/82', 1, 66500, 'QKLS011', 1, 1, 28, 1, 1, '2024-03-28 09:18:18', NULL, '2024-03-28 09:18:18'),
(898, '165/90 , 170/84', '81665-204', 'QK LADIES SUIT - 81665-204 - 165/90 , 170/84', 1, 66500, 'QKLS011', 1, 1, 28, 1, 1, '2024-03-28 09:21:07', NULL, '2024-03-28 09:21:07'),
(900, '160/82 , 160/68', '2121E-4', 'QK LADIES SUIT - 2121E-4 - 160/82 , 160/68', 1, 66500, 'QKLS012', 1, 1, 28, 1, 1, '2024-03-28 09:23:41', NULL, '2024-03-28 09:23:41'),
(901, '160/90 , 170/78', '2121E-4', 'QK LADIES SUIT - 2121E-4 - 160/90 , 170/78', 1, 66500, 'QKLS012', 1, 1, 28, 1, 1, '2024-03-28 09:24:18', NULL, '2024-03-28 09:24:18'),
(902, '160/86 , 165/72', '2121E-4', 'QK LADIES SUIT - 2121E-4 - 160/86 , 165/72', 1, 66500, 'QKLS012', 1, 1, 28, 1, 1, '2024-03-28 09:24:56', NULL, '2024-03-28 09:24:56'),
(903, '165/84 , 170/82', '2121E-4', 'QK LADIES SUIT - 2121E-4 - 165/84 , 170/82', 1, 66500, 'QKLS012', 1, 1, 28, 1, 1, '2024-03-28 09:35:03', NULL, '2024-03-28 09:35:03'),
(904, '165/90 , 170/82', '503921', 'QK LADIES SUIT - 503921 - 165/90 , 170/82', 1, 66500, 'QKLS013', 1, 1, 28, 1, 1, '2024-03-28 09:38:23', NULL, '2024-03-28 09:38:23'),
(905, '54A/101', 'G21238-103', 'QK GENTS SUIT - G21238-103 - 54A/101', 1, 60864.99999999999, 'QKGS001', 1, 2, 29, 1, 1, '2024-03-30 06:17:27', NULL, '2024-03-30 06:17:27'),
(906, '52A/97', 'G21238-103', 'QK GENTS SUIT - G21238-103 - 52A/97', 1, 60864.99999999999, 'QKGS001', 1, 2, 29, 1, 1, '2024-03-30 06:19:01', NULL, '2024-03-30 06:19:01'),
(907, '50A/91', 'G21238-103', 'QK GENTS SUIT - G21238-103 - 50A/91', 1, 60864.99999999999, 'QKGS001', 1, 2, 29, 1, 1, '2024-03-30 06:19:38', NULL, '2024-03-30 06:19:38'),
(908, '44A/75', 'G21238-103', 'QK GENTS SUIT - G21238-103 - 44A/75', 1, 60864.99999999999, 'QKGS001', 1, 2, 29, 1, 1, '2024-03-30 06:20:53', NULL, '2024-03-30 06:20:53'),
(909, '54A/101', '9199-6', 'QK GENTS SUIT - 9199-6 - 54A/101', 1, 67865, 'QKGS003', 1, 2, 29, 1, 1, '2024-03-30 06:22:21', NULL, '2024-03-30 06:22:21'),
(910, '52A/97', '9199-6', 'QK GENTS SUIT - 9199-6 - 52A/97', 1, 67865, 'QKGS003', 1, 2, 29, 1, 1, '2024-03-30 06:24:39', NULL, '2024-03-30 06:24:39'),
(911, '54B/101', '2138/4', 'QK GENTS SUIT - 2138/4 - 54B/101', 2, 67865, 'QKGS004', 1, 2, 29, 1, 1, '2024-03-30 06:27:33', NULL, '2024-03-30 06:27:33'),
(912, '48A/91', 'G21238-753', 'QK GENTS SUIT - G21238-753 - 48A/91', 1, 60864.99999999999, 'QKGS007', 1, 2, 29, 1, 1, '2024-03-30 06:28:23', NULL, '2024-03-30 06:28:23'),
(913, '54A/101', 'W315018-51', 'QK GENTS SUIT - W315018-51 - 54A/101', 1, 64364.99999999999, 'QKGS011', 1, 2, 29, 1, 1, '2024-03-30 06:32:43', NULL, '2024-03-30 06:32:43'),
(914, '52A/97', 'W315018-51', 'QK GENTS SUIT - W315018-51 - 52A/97', 1, 64364.99999999999, 'QKGS011', 1, 2, 29, 1, 1, '2024-03-30 06:34:33', NULL, '2024-03-30 06:34:33'),
(915, '50A/91', 'W315018-51', 'QK GENTS SUIT - W315018-51 - 50A/91', 1, 64364.99999999999, 'QKGS011', 1, 2, 29, 1, 1, '2024-03-30 06:35:16', NULL, '2024-03-30 06:35:16'),
(916, '44A/81', 'G21238-752', 'QK GENTS SUIT - G21238-752 - 44A/81', 1, 66465, 'QKGS016', 1, 2, 29, 1, 1, '2024-03-30 06:36:02', NULL, '2024-03-30 06:36:02'),
(917, '54A/101', '2169-16', 'QK GENTS SUIT - 2169-16 - 54A/101', 1, 59464.99999999999, 'QKGS024', 1, 2, 29, 1, 1, '2024-03-30 06:37:20', NULL, '2024-03-30 06:37:20'),
(918, '48A/87', '2169-16', 'QK GENTS SUIT - 2169-16 - 48A/87', 1, 59464.99999999999, 'QKGS024', 1, 2, 29, 1, 1, '2024-03-30 06:37:58', NULL, '2024-03-30 06:37:58'),
(919, '50A/91', '2169-16 ', 'QK GENTS SUIT - 2169-16 - 50A/91', 1, 59464.99999999999, 'QKGS024', 1, 2, 29, 1, 1, '2024-03-30 06:38:41', NULL, '2024-03-30 06:38:41'),
(920, '46A/81', '2169-16', 'QK GENTS SUIT - 2169-16 - 46A/81', 1, 59464.99999999999, 'QKGS024', 1, 2, 29, 1, 1, '2024-03-30 06:39:42', NULL, '2024-03-30 06:39:42'),
(921, '44A/75', '2169-16', 'QK GENTS SUIT - 2169-16 - 44A/75', 1, 59464.99999999999, 'QKGS024', 1, 2, 29, 1, 1, '2024-03-30 06:40:42', NULL, '2024-03-30 06:40:42'),
(922, '52A/97', '2169-16', 'QK GENTS SUIT - 2169-16 - 52A/97', 1, 59464.99999999999, 'QKGS024', 1, 2, 29, 1, 1, '2024-03-30 06:41:24', NULL, '2024-03-30 06:41:24'),
(923, '50A/87', 'W315082-1', 'QK GENTS SUIT - W315082-1 - 50A/87', 1, 58764.99999999999, 'QKGS025', 1, 2, 29, 1, 1, '2024-03-30 06:44:25', NULL, '2024-03-30 06:44:25'),
(924, '54A/101', 'W315082-1', 'QK GENTS SUIT - W315082-1 - 54A/101', 1, 58764.99999999999, 'QKGS025', 1, 2, 29, 1, 1, '2024-03-30 06:49:08', NULL, '2024-03-30 06:49:08'),
(925, '46A/81', 'W315082-1', 'QK GENTS SUIT - W315082-1 - 46A/81', 1, 58764.99999999999, 'QKGS025', 1, 2, 29, 1, 1, '2024-03-30 06:49:41', NULL, '2024-03-30 06:49:41'),
(926, '44A/75', 'W315082-1', 'QK GENTS SUIT - W315082-1 - 44A/75', 1, 58764.99999999999, 'QKGS025', 1, 2, 29, 1, 1, '2024-03-30 06:50:19', NULL, '2024-03-30 06:50:19'),
(927, '52A/97', 'W315082-1', 'QK GENTS SUIT - W315082-1 - 52A/97', 1, 58764.99999999999, 'QKGS025', 1, 2, 29, 1, 1, '2024-03-30 06:51:04', NULL, '2024-03-30 06:51:04'),
(928, '40', 'BLACK', 'QK CASUAL SHOES - 21085 - 40', 1, 59499.99999999999, 'QK0401', 1, 2, 30, 1, 1, '2024-03-30 07:48:15', NULL, '2024-03-30 07:48:15'),
(929, '41', 'BLACK', 'QK CASUAL SHOES - 21085 - 41', 1, 59499.99999999999, 'QK0401', 1, 2, 30, 1, 1, '2024-03-30 07:48:49', NULL, '2024-03-30 07:48:49'),
(930, '41', '3310', 'QK CASUAL SHOES - 3310 - 41', 2, 17465, 'QK0406', 1, 2, 30, 1, 1, '2024-03-30 09:00:53', NULL, '2024-03-30 09:00:53'),
(931, '165/84 , 165/72', '31900-16', 'QK LADIES SUIT - 31900-16 - 165/84 , 165/72', 1, 30064.999999999996, 'QKLS008', 1, 1, 28, 1, 1, '2024-03-31 09:54:27', NULL, '2024-03-31 09:54:27');
INSERT INTO `product` (`id`, `size`, `color`, `name`, `stock`, `price`, `product_id`, `type`, `category`, `sub_category`, `status`, `added_by`, `added_time`, `updated_by`, `updated_time`) VALUES
(932, '160/90 , 165/72', '81665-204', 'QK LADIES SUIT - 81665-204 - 160/90 , 165/72', 1, 66500, 'QKLS011', 1, 1, 28, 1, 1, '2024-03-31 09:55:16', NULL, '2024-03-31 09:55:16'),
(933, '160/90 , 170/78', '503921', 'QK LADIES SUIT - 503921 - 160/90 , 170/78', 1, 66500, 'QKLS013', 1, 1, 28, 1, 1, '2024-03-31 09:59:57', NULL, '2024-03-31 09:59:57'),
(934, '48A/87', 'G21238-753', 'QK GENTS SUIT - G21238-753 - 48A/87', 1, 60864.99999999999, 'QKGS007', 1, 2, 29, 1, 1, '2024-04-02 05:48:16', NULL, '2024-04-02 05:48:16'),
(935, '48A/91', 'W318351-1-1', 'QK GENTS SUIT - W318351-1-1 - 48A/91', 1, 65064.99999999999, 'QKGS009', 1, 2, 29, 1, 1, '2024-04-02 05:49:00', NULL, '2024-04-02 05:49:00'),
(936, '52A/97', 'G21238-752', 'QK GENTS SUIT - G21238-752 - 52A/97', 1, 66465, 'QKGS016', 1, 2, 29, 1, 1, '2024-04-02 05:49:49', NULL, '2024-04-02 05:49:49'),
(937, '50A/91', 'G21238-729', 'QK GENTS SUIT - G21238-729 - 50A/91', 1, 66465, 'QKGS019', 1, 2, 29, 1, 1, '2024-04-02 05:50:32', NULL, '2024-04-02 05:50:32'),
(938, '48A/87', 'W315082-1', 'QK GENTS SUIT - W315082-1 - 48A/87', 2, 58764.99999999999, 'QKGS025', 1, 2, 29, 1, 1, '2024-04-02 05:51:12', NULL, '2024-04-02 05:51:12'),
(939, '48A/81', 'W315082-1', 'QK GENTS SUIT - W315082-1 - 48A/81', 1, 58764.99999999999, 'QKGS025', 1, 2, 29, 1, 1, '2024-04-02 05:52:08', NULL, '2024-04-02 05:52:08'),
(940, '14.5', 'WHITE', 'QK SHIRT WK-03-WHITE - S 14.5', 1, 9800, 'SWK-03-WH', 1, 2, 20, 1, 1, '2024-04-02 06:16:50', NULL, '2024-04-02 06:16:50'),
(941, '15', 'WHITE', 'QK SHIRT WK-03-WHITE - S 15', 1, 9800, 'SWK-03-WH', 1, 2, 20, 1, 1, '2024-04-02 06:17:43', NULL, '2024-04-02 06:17:43'),
(942, '15.5', 'WHITE', 'QK SHIRT WK-03-WHITE - S 15.5', 1, 9800, 'SWK-03-WH', 1, 2, 20, 1, 1, '2024-04-02 06:18:26', NULL, '2024-04-02 06:18:26'),
(943, '16', 'WHITE', 'QK SHIRT WK-03-WHITE - S 16', 1, 9800, 'SWK-03-WH', 1, 2, 20, 1, 1, '2024-04-02 06:41:42', NULL, '2024-04-02 06:41:42'),
(944, '16.5', 'WHITE', 'QK SHIRT WK-03-WHITE - S 16.5', 1, 9800, 'SWK-03-WH', 1, 2, 20, 1, 1, '2024-04-02 06:42:11', NULL, '2024-04-02 06:42:11'),
(945, '17', 'WHITE', 'QK SHIRT WK-03-WHITE - S 17', 1, 9800, 'SWK-03-WH', 1, 2, 20, 1, 1, '2024-04-02 06:43:17', NULL, '2024-04-02 06:43:17'),
(946, '17.5', 'WHITE', 'QK SHIRT WK-03-WHITE - S 17.5', 1, 9800, 'SWK-03-WH', 1, 2, 20, 1, 1, '2024-04-02 06:43:45', NULL, '2024-04-02 06:43:45'),
(947, '14.5', 'BLACK', 'QK SHIRT WK-03-BLACK - S 14.5', 1, 9800, 'SWK-03-B', 1, 2, 20, 1, 1, '2024-04-02 06:53:44', 1, '2024-04-02 06:54:06'),
(948, '15', 'BLACK', 'QK SHIRT WK-03-BLACK - S 15', 1, 9800, 'SWK-03-B', 1, 2, 20, 1, 1, '2024-04-02 06:54:41', NULL, '2024-04-02 06:54:41'),
(949, '15.5', 'BLACK', 'QK SHIRT WK-03-BLACK - S 15.5', 1, 9800, 'SWK-03-B', 1, 2, 20, 1, 1, '2024-04-02 06:55:18', NULL, '2024-04-02 06:55:18'),
(950, '16', 'BLACK', 'QK SHIRT WK-03-BLACK - S 16', 1, 9800, 'SWK-03-B', 1, 2, 20, 1, 1, '2024-04-02 06:55:47', NULL, '2024-04-02 06:55:47'),
(951, '16.5', 'BLACK', 'QK SHIRT WK-03-BL ACK- S 16.5', 1, 9800, 'SWK-03-B', 1, 2, 20, 1, 1, '2024-04-02 06:57:15', NULL, '2024-04-02 06:57:15'),
(952, '17', 'BLACK', 'QK SHIRT WK-03-BLACK - S 17', 1, 9800, 'SWK-03-B', 1, 2, 20, 1, 1, '2024-04-02 06:57:55', NULL, '2024-04-02 06:57:55'),
(953, '17.5', 'BLACK', 'QK SHIRT WK-03-BLACK - S 17.5', 1, 9800, 'SWK-03-B', 1, 2, 20, 1, 1, '2024-04-02 06:58:30', NULL, '2024-04-02 06:58:30'),
(954, '14.5', 'WHITE', 'QK SHIRT WK-01-WHITE - S 14.5', 1, 10150, 'SWK-01-WH', 1, 2, 20, 1, 1, '2024-04-02 06:59:08', NULL, '2024-04-02 06:59:08'),
(955, '15', 'WHITE', 'QK SHIRT WK-01-WHITE - S 15', 1, 10150, 'SWK-01-WH', 1, 2, 20, 1, 1, '2024-04-02 07:00:03', NULL, '2024-04-02 07:00:03'),
(956, '15.5', 'WHITE', 'QK SHIRT WK-01-WHITE - S 15.5', 1, 10150, 'SWK-01-WH', 1, 2, 20, 1, 1, '2024-04-02 07:00:35', NULL, '2024-04-02 07:00:35'),
(957, '16', 'WHITE', 'QK SHIRT WK-01-WHITE - S 16', 1, 10150, 'SWK-01-WH', 1, 2, 20, 1, 1, '2024-04-02 07:02:16', NULL, '2024-04-02 07:02:16'),
(958, '16.5', 'WHITE', 'QK SHIRT WK-01-WHITE - S 16.5', 1, 10150, 'SWK-01-WH', 1, 2, 20, 1, 1, '2024-04-02 07:02:46', NULL, '2024-04-02 07:02:46'),
(959, '17', 'WHITE', 'QK SHIRT WK-01-WHITE - S 17', 1, 10150, 'SWK-01-WH', 1, 2, 20, 1, 1, '2024-04-02 07:03:17', NULL, '2024-04-02 07:03:17'),
(960, '17.5', 'WHITE', 'QK SHIRT WK-01-WHITE - S 17.5', 1, 10150, 'SWK-01-WH', 1, 2, 20, 1, 1, '2024-04-02 07:03:49', NULL, '2024-04-02 07:03:49'),
(961, '14.5', 'BLACK', 'QK SHIRT WK-01-BLACK - S 14.5', 1, 10150, 'SWK-01-BL', 1, 2, 20, 1, 1, '2024-04-02 07:04:26', NULL, '2024-04-02 07:04:26'),
(962, '15', 'BLACK', 'QK SHIRT WK-01-BLACK - S 15', 1, 10150, 'SWK-01-BL', 1, 2, 20, 1, 1, '2024-04-02 07:06:24', NULL, '2024-04-02 07:06:24'),
(963, '15.5', 'BLACK', 'QK SHIRT WK-01-BLACK - S 15.5', 0, 10150, 'SWK-01-BL', 1, 2, 20, 1, 1, '2024-04-02 07:07:41', NULL, '2024-04-02 07:07:41'),
(964, '16', 'BLACK', 'QK SHIRT WK-01-BLACK - S 16', 1, 10150, 'SWK-01-BL', 1, 2, 20, 1, 1, '2024-04-02 07:08:13', NULL, '2024-04-02 07:08:13'),
(965, '16.5', 'BLACK', 'QK SHIRT WK-01-BLACK - S 16.5', 1, 10150, 'SWK-01-BL', 1, 2, 20, 1, 1, '2024-04-02 07:08:42', NULL, '2024-04-02 07:08:42'),
(966, '17', 'BLACK', 'QK SHIRT WK-01-BLACK - S 17', 1, 10150, 'SWK-01-BL', 1, 2, 20, 1, 1, '2024-04-02 07:09:31', NULL, '2024-04-02 07:09:31'),
(967, '17.5', 'BLACK', 'QK SHIRT WK-01-BLACK - S 17.5', 1, 10150, 'SWK-01-BL', 1, 2, 20, 1, 1, '2024-04-02 07:10:02', NULL, '2024-04-02 07:10:02'),
(968, '16', 'REGULAR', 'QK SHIRT ZT-70-06 - R 16', 7, 9030, 'SZT70-06', 1, 2, 20, 1, 1, '2024-04-02 07:43:28', NULL, '2024-04-02 07:43:28'),
(969, 'UK10', 'WHITE', 'QK FROCK - SH2562 - UK10', 1, 214900, 'FSH2562', 1, 1, 35, 1, 1, '2024-04-02 08:10:06', NULL, '2024-04-02 08:10:06'),
(970, 'N/A', 'BLUE', 'QK UMBRELLA', 10, 5950, 'QKUMB17-1', 1, 2, 16, 1, 1, '2024-04-05 11:20:50', NULL, '2024-04-05 11:20:50'),
(971, 'N/A', 'WHITE', 'QK BROACH - WHITE', 5, 6230, 'QKBR/WH', 1, 2, 40, 1, 1, '2024-04-08 08:41:09', NULL, '2024-04-08 08:41:09'),
(972, 'N/A', 'BLACK', 'QK BROACH - BLACK', 5, 6930, 'QKBR/BL', 1, 2, 40, 1, 1, '2024-04-08 08:41:45', 3, '2024-05-15 04:27:04'),
(973, '15', 'REGULAR', 'QK SHIRT ZT110-02 - R - 15', 1, 20300, 'SZT110-02', 1, 2, 20, 1, 1, '2024-05-16 07:34:12', NULL, '2024-05-16 07:34:12'),
(974, '16', 'SLIM', 'QK SHIRT ZT110-02 - S - 16', 1, 20300, 'SZT110-02', 1, 2, 20, 1, 1, '2024-05-16 07:35:18', 1, '2024-05-16 07:36:20'),
(975, '15', 'REGULAR', 'QK SHIRT ZT110-03 - R - 15', 1, 20300, 'SZT110-03', 1, 2, 20, 1, 1, '2024-05-16 07:36:03', NULL, '2024-05-16 07:36:03'),
(976, '16', 'SLIM', 'QK SHIRT ZT110-11 - S - 16', 1, 20300, 'SZT110-11', 1, 2, 20, 1, 1, '2024-05-16 07:37:26', NULL, '2024-05-16 07:37:26'),
(977, '16', 'REGULAR', 'QK SHIRT MT708 - R 16', 1, 10150, 'SMT708', 1, 2, 20, 1, 1, '2024-05-16 07:38:37', NULL, '2024-05-16 07:38:37'),
(978, '15', 'SLIM', 'QK SHIRT 3F-01 - S 15', 1, 8050, 'SH3F-01', 1, 2, 20, 1, 1, '2024-05-16 07:40:23', NULL, '2024-05-16 07:40:23'),
(979, '15.5', 'SLIM', 'QK SHIRT 3F-01 - S 15.5', 1, 8050, 'SH3F-01', 1, 2, 20, 1, 1, '2024-05-16 07:41:50', NULL, '2024-05-16 07:41:50'),
(980, '16', 'SLIM', 'QK SHIRT 3F-05 - S 16', 1, 8050, 'SH3F-05', 1, 2, 20, 1, 1, '2024-05-16 07:42:40', NULL, '2024-05-16 07:42:40'),
(981, '15', 'REGULAR', 'QK SHIRT SG-02 - R 15', 1, 6125, 'SHSG-02', 1, 2, 20, 1, 1, '2024-05-16 07:45:15', NULL, '2024-05-16 07:45:15'),
(982, '15', 'REGULAR', 'QK SHIRT SG-05 - R 15', 1, 6125, 'SHSG-05', 1, 2, 20, 1, 1, '2024-05-16 07:45:56', NULL, '2024-05-16 07:45:56'),
(983, '15', 'SLIM', 'QK SHIRT SG-05 - S 15', 1, 6125, 'SHSG-05', 1, 2, 20, 1, 1, '2024-05-16 07:48:30', NULL, '2024-05-16 07:48:30'),
(985, '16', 'SLIM', 'QK SHIRT ZT-70-06 - S 16', 1, 9030, 'SZT70-06', 1, 2, 20, 1, 1, '2024-05-16 08:01:46', NULL, '2024-05-16 08:01:46'),
(986, '16', 'REGULAR', 'QK SHIRT ZT-70-07 - R 16', 1, 9030, 'SZT70-07', 1, 2, 20, 1, 1, '2024-05-16 08:02:49', NULL, '2024-05-16 08:02:49'),
(987, '16.5', 'REGULAR', 'QK SHIRT ZT-70-07 - R 16.5', 1, 9030, 'SZT70-07', 1, 2, 20, 1, 1, '2024-05-16 08:10:40', NULL, '2024-05-16 08:10:40'),
(988, 'XS', 'WHITE', 'QK VEST - WHITE - XS', 1, 3325, 'QKV-W-XS', 1, 2, 21, 1, 1, '2024-05-16 08:16:23', NULL, '2024-05-16 08:16:23'),
(989, '44', 'BLACK', 'QK FORMAL SHOES - B717 -BL - 44', 1, 27300, 'QKSHB717', 1, 2, 19, 1, 1, '2024-05-16 08:22:20', NULL, '2024-05-16 08:22:20'),
(990, '44', 'BLACK', 'QK FORMAL SHOES - B716 -BL - 44', 1, 48300, 'QKSHB716', 1, 2, 19, 1, 1, '2024-05-16 08:24:23', NULL, '2024-05-16 08:24:23'),
(991, 'N/A', 'N/A', 'QK X BELT', 1, 15400, 'QK0001', 1, 2, 38, 1, 1, '2024-05-16 08:42:13', NULL, '2024-05-16 08:42:13'),
(992, 'N/A', 'N/A', 'QK X BELT', 1, 8350, 'QK0002', 1, 2, 38, 1, 1, '2024-05-16 08:42:55', NULL, '2024-05-16 08:42:55'),
(993, 'N/A', 'N/A', 'QK X BELT', 1, 9050, 'QK0003', 1, 2, 38, 1, 1, '2024-05-16 08:43:28', NULL, '2024-05-16 08:43:28'),
(994, 'N/A', 'N/A', 'QK X BELT', 1, 15400, 'QK0004', 1, 2, 38, 1, 1, '2024-05-16 08:44:02', NULL, '2024-05-16 08:44:02'),
(995, 'N/A', 'N/A', 'QK X BELT', 1, 9800, 'QK0005', 1, 2, 38, 1, 1, '2024-05-16 08:44:46', NULL, '2024-05-16 08:44:46'),
(996, 'N/A', 'N/A', 'QK X BELT', 1, 18200, 'QK0006', 1, 2, 38, 1, 1, '2024-05-16 08:45:28', NULL, '2024-05-16 08:45:28'),
(997, 'N/A', 'N/A', 'QK TIE - QKT04-5', 1, 26593, 'QKT04-5', 1, 2, 32, 1, 1, '2024-05-16 09:12:58', NULL, '2024-05-16 09:12:58'),
(998, 'N/A', 'N/A', 'QK TIE - QKT03-2', 1, 9030, 'QKT03-2', 1, 2, 32, 1, 1, '2024-05-16 09:14:44', NULL, '2024-05-16 09:14:44'),
(999, 'N/A', 'N/A', 'QK TIE - QKT01-9', 1, 4830, 'QKT01-9', 1, 2, 32, 1, 1, '2024-05-16 09:15:59', NULL, '2024-05-16 09:15:59'),
(1000, 'N/A', 'N/A', 'QK TIE - QKT01-10', 1, 4830, 'QKT01-10', 1, 2, 32, 1, 1, '2024-05-16 09:16:52', NULL, '2024-05-16 09:16:52'),
(1001, 'N/A', 'N/A', 'QK TIE - QKT01-13', 1, 4830, 'QKT01-13', 1, 2, 32, 1, 1, '2024-05-16 09:17:36', NULL, '2024-05-16 09:17:36'),
(1002, 'N/A', 'N/A', 'QK TIE - QKT01-14', 1, 4830, 'QKT01-14', 1, 2, 32, 1, 1, '2024-05-16 09:18:25', NULL, '2024-05-16 09:18:25'),
(1003, 'N/A', 'N/A', 'QK TIE - QKT01-16', 1, 4830, 'QKT01-16', 1, 2, 32, 1, 1, '2024-05-16 09:19:06', NULL, '2024-05-16 09:19:06'),
(1004, 'N/A', 'N/A', 'QK TIE - QKT01-17', 1, 4830, 'QKT01-17', 1, 2, 32, 1, 1, '2024-05-16 09:19:41', NULL, '2024-05-16 09:19:41'),
(1005, 'N/A', 'N/A', 'QK TIE - QKT01-18', 1, 4830, 'QKT01-18', 1, 2, 32, 1, 1, '2024-05-16 09:20:26', NULL, '2024-05-16 09:20:26'),
(1006, 'N/A', 'N/A', 'QK TIE - QKT01-21', 1, 4830, 'QKT01-21', 1, 2, 32, 1, 1, '2024-05-16 09:21:01', NULL, '2024-05-16 09:21:01'),
(1007, 'N/A', 'N/A', 'QK TIE - QKT01-22', 1, 4830, 'QKT01-22', 1, 2, 32, 1, 1, '2024-05-16 09:21:37', NULL, '2024-05-16 09:21:37'),
(1008, 'N/A', 'N/A', 'QK TIE - QKT01-25', 1, 4830, 'QKT01-25', 1, 2, 32, 1, 1, '2024-05-16 09:22:10', NULL, '2024-05-16 09:22:10'),
(1009, 'N/A', 'N/A', 'QK TIE - QKT01-26', 1, 4830, 'QKT01-26', 1, 2, 32, 1, 1, '2024-05-16 09:22:52', NULL, '2024-05-16 09:22:52'),
(1010, 'N/A', 'N/A', 'QK TIE - QKT01-26', 1, 4830, 'QKT01-26', 1, 2, 32, 1, 1, '2024-05-16 09:27:00', NULL, '2024-05-16 09:27:00'),
(1011, 'N/A', 'N/A', 'QK TIE - QKT01-27', 1, 4830, 'QKT01-27', 1, 2, 32, 1, 1, '2024-05-16 09:27:51', NULL, '2024-05-16 09:27:51'),
(1012, 'N/A', 'N/A', 'QK TIE - QKT01-29', 1, 4830, 'QKT01-29', 1, 2, 32, 1, 1, '2024-05-16 09:28:32', NULL, '2024-05-16 09:28:32');

-- --------------------------------------------------------

--
-- Table structure for table `product_category`
--

CREATE TABLE `product_category` (
  `id` int(11) NOT NULL,
  `name` varchar(100) NOT NULL DEFAULT '',
  `status` int(11) NOT NULL DEFAULT 0,
  `added_by` int(11) DEFAULT NULL,
  `added_time` timestamp NOT NULL DEFAULT current_timestamp(),
  `updated_by` int(11) DEFAULT NULL,
  `updated_time` timestamp NOT NULL DEFAULT current_timestamp()
) ENGINE=InnoDB DEFAULT CHARSET=utf8mb4 COLLATE=utf8mb4_general_ci;

--
-- Dumping data for table `product_category`
--

INSERT INTO `product_category` (`id`, `name`, `status`, `added_by`, `added_time`, `updated_by`, `updated_time`) VALUES
(1, 'Ladies', 1, 1, '2023-12-28 05:54:43', 1, '2023-12-28 05:54:43'),
(2, 'Gents', 1, 1, '2023-12-28 05:54:43', 1, '2023-12-28 05:54:43');

-- --------------------------------------------------------

--
-- Table structure for table `product_status`
--

CREATE TABLE `product_status` (
  `id` int(11) NOT NULL,
  `status` varchar(100) NOT NULL
) ENGINE=InnoDB DEFAULT CHARSET=utf8mb4 COLLATE=utf8mb4_general_ci;

--
-- Dumping data for table `product_status`
--

INSERT INTO `product_status` (`id`, `status`) VALUES
(1, 'active'),
(2, 'deactive');

-- --------------------------------------------------------

--
-- Table structure for table `product_sub_category`
--

CREATE TABLE `product_sub_category` (
  `id` int(11) NOT NULL,
  `name` varchar(100) DEFAULT NULL,
  `img_url` varchar(500) DEFAULT NULL,
  `category` int(11) DEFAULT NULL,
  `status` int(11) NOT NULL DEFAULT 0,
  `added_by` int(11) DEFAULT NULL,
  `added_time` timestamp NOT NULL DEFAULT current_timestamp(),
  `updated_by` int(11) DEFAULT NULL,
  `updated_time` timestamp NOT NULL DEFAULT current_timestamp()
) ENGINE=InnoDB DEFAULT CHARSET=utf8mb4 COLLATE=utf8mb4_general_ci;

--
-- Dumping data for table `product_sub_category`
--

INSERT INTO `product_sub_category` (`id`, `name`, `img_url`, `category`, `status`, `added_by`, `added_time`, `updated_by`, `updated_time`) VALUES
(13, 'QK HAT', 'https://nbc-storage.s3.ap-southeast-1.amazonaws.com/images/cap.png', 2, 1, 1, '2024-01-03 03:44:53', 1, '2024-01-03 14:46:40'),
(15, 'QK WALLET', 'https://nbc-storage.s3.ap-southeast-1.amazonaws.com/images/wallet.png', 2, 1, 1, '2024-01-03 14:47:17', NULL, '2024-01-03 14:47:17'),
(16, 'QK UMBRELLA', 'https://nbc-storage.s3.ap-southeast-1.amazonaws.com/images/umbrella.png', 2, 1, 1, '2024-01-03 14:49:38', NULL, '2024-01-03 14:49:38'),
(17, 'QK UNDERWEAR', 'https://nbc-storage.s3.ap-southeast-1.amazonaws.com/images/underwear.png', 2, 1, 1, '2024-01-03 14:50:08', NULL, '2024-01-03 14:50:08'),
(18, 'QK HANDKERCHIEF', 'https://nbc-storage.s3.ap-southeast-1.amazonaws.com/images/handkerchief.png', 2, 1, 1, '2024-01-03 14:50:20', NULL, '2024-01-03 14:50:20'),
(19, 'QK GENTS SHOE', 'https://nbc-storage.s3.ap-southeast-1.amazonaws.com/images/mens-shoe.png', 2, 1, 1, '2024-01-03 14:50:34', NULL, '2024-01-03 14:50:34'),
(20, 'QK  SHIRT', 'https://nbc-storage.s3.ap-southeast-1.amazonaws.com/images/shirt.png', 2, 1, 1, '2024-01-03 14:50:51', NULL, '2024-01-03 14:50:51'),
(21, 'QK VEST', 'https://nbc-storage.s3.ap-southeast-1.amazonaws.com/images/vest.png', 2, 1, 1, '2024-01-03 14:52:11', NULL, '2024-01-03 14:52:11'),
(22, 'QK T SHIRT', 'https://nbc-storage.s3.ap-southeast-1.amazonaws.com/images/polo-shirt.png', 2, 1, 1, '2024-01-03 14:54:04', NULL, '2024-01-03 14:54:04'),
(23, 'QK BELT', 'https://nbc-storage.s3.ap-southeast-1.amazonaws.com/images/belt.png', 2, 1, 1, '2024-01-03 14:58:02', NULL, '2024-01-03 14:58:02'),
(25, 'QK CUFFLINKS', 'https://nbc-storage.s3.ap-southeast-1.amazonaws.com/images/cufflinks.png', 2, 1, 1, '2024-01-03 15:06:07', NULL, '2024-01-03 15:06:07'),
(26, 'QK BOW', 'https://nbc-storage.s3.ap-southeast-1.amazonaws.com/images/bow-tie.png', 2, 1, 1, '2024-01-03 15:07:36', NULL, '2024-01-03 15:07:36'),
(27, 'QK LEATHER BAG', 'https://nbc-storage.s3.ap-southeast-1.amazonaws.com/images/school-bag.png', 2, 1, 1, '2024-01-03 15:10:03', NULL, '2024-01-03 15:10:03'),
(28, 'QK LADIES SUIT', 'https://nbc-storage.s3.ap-southeast-1.amazonaws.com/images/suit-l.png', 1, 1, 1, '2024-01-03 15:11:54', NULL, '2024-01-03 15:11:54'),
(29, 'QK GENTS SUIT', 'https://nbc-storage.s3.ap-southeast-1.amazonaws.com/images/suit%20-%201.png', 2, 1, 1, '2024-01-03 15:14:04', NULL, '2024-01-03 15:14:04'),
(30, 'QK SHOES', 'https://nbc-storage.s3.ap-southeast-1.amazonaws.com/images/mens-shoe.png', 2, 1, 1, '2024-01-03 15:14:29', NULL, '2024-01-03 15:14:29'),
(31, 'QK SLIPPER', 'https://nbc-storage.s3.ap-southeast-1.amazonaws.com/images/flip-flops.png', 2, 1, 1, '2024-01-03 15:15:37', NULL, '2024-01-03 15:15:37'),
(32, 'QK TIE ', 'https://nbc-storage.s3.ap-southeast-1.amazonaws.com/images/tie.png', 2, 1, 1, '2024-01-03 15:16:48', NULL, '2024-01-03 15:16:48'),
(33, 'QK HANDKERCHIEF', 'https://nbc-storage.s3.ap-southeast-1.amazonaws.com/images/handkerchief.png', 1, 1, 1, '2024-01-03 15:55:10', NULL, '2024-01-03 15:55:10'),
(34, 'QK SOCKS', 'https://nbc-storage.s3.ap-southeast-1.amazonaws.com/images/socks.png', 2, 1, 1, '2024-01-22 04:47:28', NULL, '2024-01-22 04:47:28'),
(35, 'QK GAWN', 'https://nbc-storage.s3.ap-southeast-1.amazonaws.com/images/frock.png', 1, 1, 1, '2024-01-25 09:15:35', 1, '2024-02-21 21:41:51'),
(38, 'QK X BELT', 'https://nbc-storage.s3.ap-southeast-1.amazonaws.com/images/belt.png-1715708308261-.png', 2, 1, 1, '2024-03-04 11:57:17', 3, '2024-05-14 17:38:28'),
(39, 'QK WOODEN BELT BOX', 'https://nbc-storage.s3.ap-southeast-1.amazonaws.com/images/box.png-1715708436480-.png', 2, 1, 1, '2024-03-04 12:22:17', 3, '2024-05-14 17:40:36'),
(40, 'QK BROACH', 'https://nbc-storage.s3.ap-southeast-1.amazonaws.com/images/brooch.png-1715708269896-.png', 2, 1, 1, '2024-04-08 08:25:41', 3, '2024-05-14 17:37:49');

-- --------------------------------------------------------

--
-- Table structure for table `product_type`
--

CREATE TABLE `product_type` (
  `id` int(11) NOT NULL,
  `name` varchar(200) DEFAULT NULL,
  `status` int(11) DEFAULT NULL,
  `added_by` int(11) DEFAULT NULL,
  `added_time` timestamp NOT NULL DEFAULT current_timestamp(),
  `updated_by` int(11) DEFAULT NULL,
  `updated_time` timestamp NOT NULL DEFAULT current_timestamp()
) ENGINE=InnoDB DEFAULT CHARSET=utf8mb4 COLLATE=utf8mb4_general_ci;

--
-- Dumping data for table `product_type`
--

INSERT INTO `product_type` (`id`, `name`, `status`, `added_by`, `added_time`, `updated_by`, `updated_time`) VALUES
(1, 'Readymate', 1, 1, '2023-12-28 05:55:07', 1, '2023-12-28 05:55:07'),
(2, 'Custom', 1, 1, '2023-12-28 05:55:07', 1, '2023-12-28 05:55:07');

-- --------------------------------------------------------

--
-- Table structure for table `user`
--

CREATE TABLE `user` (
  `id` int(11) NOT NULL,
  `username` varchar(300) DEFAULT NULL,
  `email` varchar(320) DEFAULT NULL,
  `mobile` varchar(15) DEFAULT NULL,
  `password` varchar(200) DEFAULT NULL,
  `role` int(11) DEFAULT NULL,
  `status` int(11) NOT NULL DEFAULT 0,
  `added_by` int(11) DEFAULT NULL,
  `added_time` timestamp NOT NULL DEFAULT current_timestamp(),
  `updated_by` int(11) DEFAULT NULL,
  `updated_time` timestamp NOT NULL DEFAULT current_timestamp()
) ENGINE=InnoDB DEFAULT CHARSET=utf8mb4 COLLATE=utf8mb4_general_ci;

--
-- Dumping data for table `user`
--

INSERT INTO `user` (`id`, `username`, `email`, `mobile`, `password`, `role`, `status`, `added_by`, `added_time`, `updated_by`, `updated_time`) VALUES
(1, 'user 01', 'store', '0719850755', '$2a$10$ceeb2bcf773c7cd2c40b1ulv6jbu5AU7f7EiSkKpqwiOtjj0yuxF.', 1, 1, 1, '2023-12-27 11:22:20', 1, '2023-12-27 11:22:20'),
(2, 'user 02', 'sales', '0719850755', '$2a$10$ceeb2bcf773c7cd2c40b1ulv6jbu5AU7f7EiSkKpqwiOtjj0yuxF.', 2, 1, 1, '2023-12-29 07:07:34', 1, '2023-12-29 07:07:34'),
(3, 'user 03', 'cashier@queenkuweni.com', '0719850755', '$2a$10$ceeb2bcf773c7cd2c40b1udq/Xpd21t1.pLyb2KK31LXRj89bK45W', 1, 1, 1, '2023-12-27 22:22:20', 1, '2023-12-27 22:22:20'),
(4, 'user 04', 'nalini@nb.lk', '0719850755', '$2a$10$ceeb2bcf773c7cd2c40b1uCMt8WKUUlSqhkOEPt.HpYgP18dXrlXu', 1, 1, 1, '2023-12-27 11:22:20', 1, '2023-12-27 11:22:20');

-- --------------------------------------------------------

--
-- Table structure for table `user_role`
--

CREATE TABLE `user_role` (
  `id` int(11) NOT NULL,
  `role` varchar(100) DEFAULT NULL
) ENGINE=InnoDB DEFAULT CHARSET=utf8mb4 COLLATE=utf8mb4_general_ci;

--
-- Dumping data for table `user_role`
--

INSERT INTO `user_role` (`id`, `role`) VALUES
(1, 'admin'),
(2, 'user');

-- --------------------------------------------------------

--
-- Table structure for table `user_status`
--

CREATE TABLE `user_status` (
  `id` int(11) NOT NULL,
  `status` varchar(100) NOT NULL
) ENGINE=InnoDB DEFAULT CHARSET=utf8mb4 COLLATE=utf8mb4_general_ci;

--
-- Dumping data for table `user_status`
--

INSERT INTO `user_status` (`id`, `status`) VALUES
(1, 'active'),
(2, 'deactive');

--
-- Indexes for dumped tables
--

--
-- Indexes for table `order_bill`
--
ALTER TABLE `order_bill`
  ADD PRIMARY KEY (`id`),
  ADD KEY `order_bill_added_by` (`added_by`),
  ADD KEY `order_bill_updated_by` (`updated_by`),
  ADD KEY `order_bill_status` (`status`);

--
-- Indexes for table `order_item`
--
ALTER TABLE `order_item`
  ADD PRIMARY KEY (`id`),
  ADD KEY `order_item_added_by` (`added_by`),
  ADD KEY `order_item_updated_by` (`updated_by`),
  ADD KEY `order_item_product` (`product`),
  ADD KEY `order_item_order_bill` (`order_id`);

--
-- Indexes for table `order_payment`
--
ALTER TABLE `order_payment`
  ADD PRIMARY KEY (`id`);

--
-- Indexes for table `order_status`
--
ALTER TABLE `order_status`
  ADD PRIMARY KEY (`id`);

--
-- Indexes for table `product`
--
ALTER TABLE `product`
  ADD PRIMARY KEY (`id`),
  ADD KEY `product_added_by` (`added_by`),
  ADD KEY `product_updated_by` (`updated_by`),
  ADD KEY `product_status` (`status`),
  ADD KEY `product_type` (`type`),
  ADD KEY `product_category` (`category`),
  ADD KEY `product_sub_category` (`sub_category`);

--
-- Indexes for table `product_category`
--
ALTER TABLE `product_category`
  ADD PRIMARY KEY (`id`),
  ADD KEY `product_category_added_by` (`added_by`),
  ADD KEY `product_category_updated_by` (`updated_by`),
  ADD KEY `product_category_status` (`status`);

--
-- Indexes for table `product_status`
--
ALTER TABLE `product_status`
  ADD PRIMARY KEY (`id`);

--
-- Indexes for table `product_sub_category`
--
ALTER TABLE `product_sub_category`
  ADD PRIMARY KEY (`id`),
  ADD KEY `Structureproduct_sub_category_added_by` (`added_by`),
  ADD KEY `Structureproduct_sub_category_updated_by` (`updated_by`),
  ADD KEY `Structureproduct_sub_category_category` (`category`),
  ADD KEY `Structureproduct_sub_category_status` (`status`);

--
-- Indexes for table `product_type`
--
ALTER TABLE `product_type`
  ADD PRIMARY KEY (`id`),
  ADD KEY `product_type_added_by` (`added_by`),
  ADD KEY `product_type_updated_by` (`updated_by`),
  ADD KEY `product_type_status` (`status`);

--
-- Indexes for table `user`
--
ALTER TABLE `user`
  ADD PRIMARY KEY (`id`),
  ADD KEY `user_added_by` (`added_by`),
  ADD KEY `user_updated_by` (`updated_by`),
  ADD KEY `user_status` (`status`),
  ADD KEY `user_role` (`role`);

--
-- Indexes for table `user_role`
--
ALTER TABLE `user_role`
  ADD PRIMARY KEY (`id`);

--
-- Indexes for table `user_status`
--
ALTER TABLE `user_status`
  ADD PRIMARY KEY (`id`);

--
-- AUTO_INCREMENT for dumped tables
--

--
-- AUTO_INCREMENT for table `order_bill`
--
ALTER TABLE `order_bill`
  MODIFY `id` int(11) NOT NULL AUTO_INCREMENT, AUTO_INCREMENT=105;

--
-- AUTO_INCREMENT for table `order_item`
--
ALTER TABLE `order_item`
  MODIFY `id` int(11) NOT NULL AUTO_INCREMENT, AUTO_INCREMENT=9;

--
-- AUTO_INCREMENT for table `order_payment`
--
ALTER TABLE `order_payment`
  MODIFY `id` int(11) NOT NULL AUTO_INCREMENT, AUTO_INCREMENT=51;

--
-- AUTO_INCREMENT for table `order_status`
--
ALTER TABLE `order_status`
  MODIFY `id` int(11) NOT NULL AUTO_INCREMENT, AUTO_INCREMENT=2;

--
-- AUTO_INCREMENT for table `product`
--
ALTER TABLE `product`
  MODIFY `id` int(11) NOT NULL AUTO_INCREMENT, AUTO_INCREMENT=1013;

--
-- AUTO_INCREMENT for table `product_category`
--
ALTER TABLE `product_category`
  MODIFY `id` int(11) NOT NULL AUTO_INCREMENT, AUTO_INCREMENT=3;

--
-- AUTO_INCREMENT for table `product_status`
--
ALTER TABLE `product_status`
  MODIFY `id` int(11) NOT NULL AUTO_INCREMENT, AUTO_INCREMENT=3;

--
-- AUTO_INCREMENT for table `product_sub_category`
--
ALTER TABLE `product_sub_category`
  MODIFY `id` int(11) NOT NULL AUTO_INCREMENT, AUTO_INCREMENT=41;

--
-- AUTO_INCREMENT for table `product_type`
--
ALTER TABLE `product_type`
  MODIFY `id` int(11) NOT NULL AUTO_INCREMENT, AUTO_INCREMENT=3;

--
-- AUTO_INCREMENT for table `user`
--
ALTER TABLE `user`
  MODIFY `id` int(11) NOT NULL AUTO_INCREMENT, AUTO_INCREMENT=5;

--
-- AUTO_INCREMENT for table `user_role`
--
ALTER TABLE `user_role`
  MODIFY `id` int(11) NOT NULL AUTO_INCREMENT, AUTO_INCREMENT=3;

--
-- AUTO_INCREMENT for table `user_status`
--
ALTER TABLE `user_status`
  MODIFY `id` int(11) NOT NULL AUTO_INCREMENT, AUTO_INCREMENT=3;

--
-- Constraints for dumped tables
--

--
-- Constraints for table `order_bill`
--
ALTER TABLE `order_bill`
  ADD CONSTRAINT `order_bill_added_by` FOREIGN KEY (`added_by`) REFERENCES `user` (`id`),
  ADD CONSTRAINT `order_bill_status` FOREIGN KEY (`status`) REFERENCES `order_status` (`id`),
  ADD CONSTRAINT `order_bill_updated_by` FOREIGN KEY (`updated_by`) REFERENCES `user` (`id`);

--
-- Constraints for table `order_item`
--
ALTER TABLE `order_item`
  ADD CONSTRAINT `order_item_added_by` FOREIGN KEY (`added_by`) REFERENCES `user` (`id`),
  ADD CONSTRAINT `order_item_order_bill` FOREIGN KEY (`order_id`) REFERENCES `order_bill` (`id`) ON DELETE CASCADE ON UPDATE CASCADE,
  ADD CONSTRAINT `order_item_product` FOREIGN KEY (`product`) REFERENCES `product` (`id`),
  ADD CONSTRAINT `order_item_updated_by` FOREIGN KEY (`updated_by`) REFERENCES `user` (`id`);

--
-- Constraints for table `product`
--
ALTER TABLE `product`
  ADD CONSTRAINT `product_added_by` FOREIGN KEY (`added_by`) REFERENCES `user` (`id`),
  ADD CONSTRAINT `product_category` FOREIGN KEY (`category`) REFERENCES `product_category` (`id`),
  ADD CONSTRAINT `product_status` FOREIGN KEY (`status`) REFERENCES `product_status` (`id`),
  ADD CONSTRAINT `product_sub_category` FOREIGN KEY (`sub_category`) REFERENCES `product_sub_category` (`id`),
  ADD CONSTRAINT `product_type` FOREIGN KEY (`type`) REFERENCES `product_type` (`id`),
  ADD CONSTRAINT `product_updated_by` FOREIGN KEY (`updated_by`) REFERENCES `user` (`id`);

--
-- Constraints for table `product_category`
--
ALTER TABLE `product_category`
  ADD CONSTRAINT `product_category_added_by` FOREIGN KEY (`added_by`) REFERENCES `user` (`id`),
  ADD CONSTRAINT `product_category_status` FOREIGN KEY (`status`) REFERENCES `product_status` (`id`),
  ADD CONSTRAINT `product_category_updated_by` FOREIGN KEY (`updated_by`) REFERENCES `user` (`id`);

--
-- Constraints for table `product_sub_category`
--
ALTER TABLE `product_sub_category`
  ADD CONSTRAINT `Structureproduct_sub_category_added_by` FOREIGN KEY (`added_by`) REFERENCES `user` (`id`),
  ADD CONSTRAINT `Structureproduct_sub_category_category` FOREIGN KEY (`category`) REFERENCES `product_category` (`id`),
  ADD CONSTRAINT `Structureproduct_sub_category_status` FOREIGN KEY (`status`) REFERENCES `product_status` (`id`),
  ADD CONSTRAINT `Structureproduct_sub_category_updated_by` FOREIGN KEY (`updated_by`) REFERENCES `user` (`id`);

--
-- Constraints for table `product_type`
--
ALTER TABLE `product_type`
  ADD CONSTRAINT `product_type_added_by` FOREIGN KEY (`added_by`) REFERENCES `user` (`id`),
  ADD CONSTRAINT `product_type_status` FOREIGN KEY (`status`) REFERENCES `product_status` (`id`),
  ADD CONSTRAINT `product_type_updated_by` FOREIGN KEY (`updated_by`) REFERENCES `user` (`id`);

--
-- Constraints for table `user`
--
ALTER TABLE `user`
  ADD CONSTRAINT `user_added_by` FOREIGN KEY (`added_by`) REFERENCES `user` (`id`),
  ADD CONSTRAINT `user_role` FOREIGN KEY (`role`) REFERENCES `user_role` (`id`),
  ADD CONSTRAINT `user_status` FOREIGN KEY (`status`) REFERENCES `user_status` (`id`),
  ADD CONSTRAINT `user_updated_by` FOREIGN KEY (`updated_by`) REFERENCES `user` (`id`);
COMMIT;

/*!40101 SET CHARACTER_SET_CLIENT=@OLD_CHARACTER_SET_CLIENT */;
/*!40101 SET CHARACTER_SET_RESULTS=@OLD_CHARACTER_SET_RESULTS */;
/*!40101 SET COLLATION_CONNECTION=@OLD_COLLATION_CONNECTION */;
